dateTime,value
2021-12-09 17:59:49.786,92
2021-12-09 17:59:50.786,92
2021-12-09 17:59:51.786,94
2021-12-09 17:59:52.786,96
2021-12-09 17:59:53.786,98
2021-12-09 17:59:54.786,101
2021-12-09 17:59:55.786,104
2021-12-09 17:59:56.786,110
2021-12-09 17:59:57.786,110
2021-12-09 17:59:58.786,113
2021-12-09 17:59:59.786,115
2021-12-09 18:00:00.786,115
2021-12-09 18:00:01.786,117
2021-12-09 18:00:02.786,117
2021-12-09 18:00:03.786,118
2021-12-09 18:00:04.786,118
2021-12-09 18:00:05.786,118
2021-12-09 18:00:06.786,117
2021-12-09 18:00:07.786,117
2021-12-09 18:00:08.786,117
2021-12-09 18:00:09.786,117
2021-12-09 18:00:10.786,118
2021-12-09 18:00:11.786,118
2021-12-09 18:00:12.786,118
2021-12-09 18:00:13.786,118
2021-12-09 18:00:14.786,118
2021-12-09 18:00:15.786,118
2021-12-09 18:00:16.786,118
2021-12-09 18:00:17.786,118
2021-12-09 18:00:18.786,118
2021-12-09 18:00:19.786,119
2021-12-09 18:00:20.786,120
2021-12-09 18:00:21.786,120
2021-12-09 18:00:22.786,121
2021-12-09 18:00:23.786,121
2021-12-09 18:00:24.786,123
2021-12-09 18:00:25.786,124
2021-12-09 18:00:26.786,124
2021-12-09 18:00:27.786,125
2021-12-09 18:00:28.786,125
2021-12-09 18:00:29.786,125
2021-12-09 18:00:30.786,125
2021-12-09 18:00:31.786,124
2021-12-09 18:00:32.786,124
2021-12-09 18:00:33.786,123
2021-12-09 18:00:34.786,123
2021-12-09 18:00:35.786,122
2021-12-09 18:00:36.786,122
2021-12-09 18:00:37.786,122
2021-12-09 18:00:38.786,122
2021-12-09 18:00:39.786,122
2021-12-09 18:00:40.786,122
2021-12-09 18:00:41.786,123
2021-12-09 18:00:42.786,122
2021-12-09 18:00:43.786,123
2021-12-09 18:00:44.786,123
2021-12-09 18:00:45.786,124
2021-12-09 18:00:46.786,124
2021-12-09 18:00:47.786,126
2021-12-09 18:00:48.786,126
2021-12-09 18:00:49.786,127
2021-12-09 18:00:50.786,128
2021-12-09 18:00:51.786,129
2021-12-09 18:00:52.786,129
2021-12-09 18:00:53.786,129
2021-12-09 18:00:54.786,130
2021-12-09 18:00:55.786,130
2021-12-09 18:00:56.786,130
2021-12-09 18:00:57.786,130
2021-12-09 18:00:58.786,131
2021-12-09 18:00:59.786,131
2021-12-09 18:01:00.786,131
2021-12-09 18:01:01.786,131
2021-12-09 18:01:02.786,131
2021-12-09 18:01:03.786,131
2021-12-09 18:01:04.786,130
2021-12-09 18:01:05.786,130
2021-12-09 18:01:06.786,129
2021-12-09 18:01:07.786,129
2021-12-09 18:01:08.786,129
2021-12-09 18:01:09.786,129
2021-12-09 18:01:10.786,130
2021-12-09 18:01:11.786,130
2021-12-09 18:01:12.786,130
2021-12-09 18:01:13.786,129
2021-12-09 18:01:14.786,130
2021-12-09 18:01:15.786,130
2021-12-09 18:01:16.786,130
2021-12-09 18:01:17.786,131
2021-12-09 18:01:18.786,131
2021-12-09 18:01:19.786,131
2021-12-09 18:01:20.786,131
2021-12-09 18:01:21.786,131
2021-12-09 18:01:22.786,131
2021-12-09 18:01:23.786,131
2021-12-09 18:01:24.786,131
2021-12-09 18:01:25.786,131
2021-12-09 18:01:26.786,130
2021-12-09 18:01:27.786,130
2021-12-09 18:01:28.786,130
2021-12-09 18:01:29.786,130
2021-12-09 18:01:30.786,132
2021-12-09 18:01:31.786,133
2021-12-09 18:01:32.786,134
2021-12-09 18:01:33.786,135
2021-12-09 18:01:34.786,135
2021-12-09 18:01:35.786,135
2021-12-09 18:01:36.786,135
2021-12-09 18:01:37.786,135
2021-12-09 18:01:38.786,136
2021-12-09 18:01:39.786,136
2021-12-09 18:01:40.786,136
2021-12-09 18:01:41.786,137
2021-12-09 18:01:42.786,137
2021-12-09 18:01:43.786,137
2021-12-09 18:01:44.786,137
2021-12-09 18:01:45.786,137
2021-12-09 18:01:46.786,138
2021-12-09 18:01:47.786,137
2021-12-09 18:01:48.786,137
2021-12-09 18:01:49.786,137
2021-12-09 18:01:50.786,136
2021-12-09 18:01:51.786,136
2021-12-09 18:01:52.786,135
2021-12-09 18:01:53.786,134
2021-12-09 18:01:54.786,134
2021-12-09 18:01:55.786,133
2021-12-09 18:01:56.786,133
2021-12-09 18:01:57.786,133
2021-12-09 18:01:58.786,133
2021-12-09 18:01:59.786,132
2021-12-09 18:02:00.786,132
2021-12-09 18:02:01.786,132
2021-12-09 18:02:02.786,133
2021-12-09 18:02:03.786,133
2021-12-09 18:02:04.786,133
2021-12-09 18:02:05.786,133
2021-12-09 18:02:06.786,133
2021-12-09 18:02:07.786,133
2021-12-09 18:02:08.786,133
2021-12-09 18:02:09.786,133
2021-12-09 18:02:10.786,134
2021-12-09 18:02:11.786,134
2021-12-09 18:02:12.786,134
2021-12-09 18:02:13.786,134
2021-12-09 18:02:14.786,134
2021-12-09 18:02:15.786,134
2021-12-09 18:02:16.786,135
2021-12-09 18:02:17.786,134
2021-12-09 18:02:18.786,134
2021-12-09 18:02:19.786,134
2021-12-09 18:02:20.786,134
2021-12-09 18:02:21.786,134
2021-12-09 18:02:22.786,136
2021-12-09 18:02:23.786,136
2021-12-09 18:02:24.786,136
2021-12-09 18:02:25.786,136
2021-12-09 18:02:26.786,137
2021-12-09 18:02:27.786,137
2021-12-09 18:02:28.786,138
2021-12-09 18:02:29.786,138
2021-12-09 18:02:30.786,138
2021-12-09 18:02:31.786,138
2021-12-09 18:02:32.786,137
2021-12-09 18:02:33.786,136
2021-12-09 18:02:34.786,135
2021-12-09 18:02:35.786,134
2021-12-09 18:02:36.786,134
2021-12-09 18:02:37.786,133
2021-12-09 18:02:38.786,132
2021-12-09 18:02:39.786,132
2021-12-09 18:02:40.786,132
2021-12-09 18:02:41.786,132
2021-12-09 18:02:42.786,131
2021-12-09 18:02:43.786,131
2021-12-09 18:02:44.786,132
2021-12-09 18:02:45.786,131
2021-12-09 18:02:46.786,132
2021-12-09 18:02:47.786,132
2021-12-09 18:02:48.786,134
2021-12-09 18:02:49.786,135
2021-12-09 18:02:50.786,135
2021-12-09 18:02:51.786,135
2021-12-09 18:02:52.786,135
2021-12-09 18:02:53.786,135
2021-12-09 18:02:54.786,134
2021-12-09 18:02:55.786,134
2021-12-09 18:02:56.786,134
2021-12-09 18:02:57.786,131
2021-12-09 18:02:58.786,131
2021-12-09 18:02:59.786,131
2021-12-09 18:03:00.786,132
2021-12-09 18:03:01.786,133
2021-12-09 18:03:02.786,133
2021-12-09 18:03:03.786,134
2021-12-09 18:03:04.786,134
2021-12-09 18:03:05.786,134
2021-12-09 18:03:06.786,135
2021-12-09 18:03:07.786,136
2021-12-09 18:03:08.786,136
2021-12-09 18:03:09.786,138
2021-12-09 18:03:10.786,137
2021-12-09 18:03:11.786,137
2021-12-09 18:03:12.786,136
2021-12-09 18:03:13.786,136
2021-12-09 18:03:14.786,135
2021-12-09 18:03:15.786,135
2021-12-09 18:03:16.786,134
2021-12-09 18:03:17.786,134
2021-12-09 18:03:18.786,134
2021-12-09 18:03:19.786,134
2021-12-09 18:03:20.786,134
2021-12-09 18:03:21.786,134
2021-12-09 18:03:22.786,134
2021-12-09 18:03:23.786,134
2021-12-09 18:03:24.786,134
2021-12-09 18:03:25.786,133
2021-12-09 18:03:26.786,131
2021-12-09 18:03:27.786,131
2021-12-09 18:03:28.786,130
2021-12-09 18:03:29.786,130
2021-12-09 18:03:30.786,132
2021-12-09 18:03:31.786,133
2021-12-09 18:03:32.786,136
2021-12-09 18:03:33.786,136
2021-12-09 18:03:34.786,136
2021-12-09 18:03:35.786,135
2021-12-09 18:03:36.786,135
2021-12-09 18:03:37.786,136
2021-12-09 18:03:38.786,136
2021-12-09 18:03:39.786,135
2021-12-09 18:03:40.786,135
2021-12-09 18:03:41.786,136
2021-12-09 18:03:42.786,135
2021-12-09 18:03:43.786,135
2021-12-09 18:03:44.786,136
2021-12-09 18:03:45.786,135
2021-12-09 18:03:46.786,135
2021-12-09 18:03:47.786,135
2021-12-09 18:03:48.786,135
2021-12-09 18:03:49.786,135
2021-12-09 18:03:50.786,135
2021-12-09 18:03:51.786,136
2021-12-09 18:03:52.786,136
2021-12-09 18:03:53.786,136
2021-12-09 18:03:54.786,136
2021-12-09 18:03:55.786,137
2021-12-09 18:03:56.786,137
2021-12-09 18:03:57.786,138
2021-12-09 18:03:58.786,138
2021-12-09 18:03:59.786,138
2021-12-09 18:04:00.786,138
2021-12-09 18:04:01.786,137
2021-12-09 18:04:02.786,138
2021-12-09 18:04:03.786,138
2021-12-09 18:04:04.786,138
2021-12-09 18:04:05.786,138
2021-12-09 18:04:06.786,138
2021-12-09 18:04:07.786,138
2021-12-09 18:04:08.786,138
2021-12-09 18:04:09.786,137
2021-12-09 18:04:10.786,136
2021-12-09 18:04:11.786,135
2021-12-09 18:04:12.786,135
2021-12-09 18:04:13.786,133
2021-12-09 18:04:14.786,133
2021-12-09 18:04:15.786,133
2021-12-09 18:04:16.786,135
2021-12-09 18:04:17.786,136
2021-12-09 18:04:18.786,136
2021-12-09 18:04:19.786,136
2021-12-09 18:04:20.786,135
2021-12-09 18:04:21.786,135
2021-12-09 18:04:22.786,135
2021-12-09 18:04:23.786,134
2021-12-09 18:04:24.786,134
2021-12-09 18:04:25.786,133
2021-12-09 18:04:26.786,133
2021-12-09 18:04:27.786,133
2021-12-09 18:04:28.786,133
2021-12-09 18:04:29.786,133
2021-12-09 18:04:30.786,133
2021-12-09 18:04:31.786,133
2021-12-09 18:04:32.786,132
2021-12-09 18:04:33.786,132
2021-12-09 18:04:34.786,131
2021-12-09 18:04:35.786,131
2021-12-09 18:04:36.786,132
2021-12-09 18:04:37.786,132
2021-12-09 18:04:38.786,132
2021-12-09 18:04:39.786,132
2021-12-09 18:04:40.786,133
2021-12-09 18:04:41.786,133
2021-12-09 18:04:42.786,132
2021-12-09 18:04:43.786,132
2021-12-09 18:04:44.786,132
2021-12-09 18:04:45.786,133
2021-12-09 18:04:46.786,133
2021-12-09 18:04:47.786,134
2021-12-09 18:04:48.786,134
2021-12-09 18:04:49.786,134
2021-12-09 18:04:50.786,135
2021-12-09 18:04:51.786,135
2021-12-09 18:04:52.786,135
2021-12-09 18:04:53.786,135
2021-12-09 18:04:54.786,135
2021-12-09 18:04:55.786,135
2021-12-09 18:04:56.786,134
2021-12-09 18:04:57.786,134
2021-12-09 18:04:58.786,134
2021-12-09 18:04:59.786,133
2021-12-09 18:05:00.786,133
2021-12-09 18:05:01.786,132
2021-12-09 18:05:02.786,132
2021-12-09 18:05:03.786,132
2021-12-09 18:05:04.786,132
2021-12-09 18:05:05.786,132
2021-12-09 18:05:06.786,133
2021-12-09 18:05:07.786,133
2021-12-09 18:05:08.786,133
2021-12-09 18:05:09.786,133
2021-12-09 18:05:10.786,133
2021-12-09 18:05:11.786,134
2021-12-09 18:05:12.786,134
2021-12-09 18:05:13.786,134
2021-12-09 18:05:14.786,134
2021-12-09 18:05:15.786,135
2021-12-09 18:05:16.786,135
2021-12-09 18:05:17.786,135
2021-12-09 18:05:18.786,135
2021-12-09 18:05:19.786,134
2021-12-09 18:05:20.786,134
2021-12-09 18:05:21.786,135
2021-12-09 18:05:22.786,135
2021-12-09 18:05:23.786,134
2021-12-09 18:05:24.786,134
2021-12-09 18:05:25.786,134
2021-12-09 18:05:26.786,134
2021-12-09 18:05:27.786,134
2021-12-09 18:05:28.786,134
2021-12-09 18:05:29.786,134
2021-12-09 18:05:30.786,134
2021-12-09 18:05:31.786,134
2021-12-09 18:05:32.786,134
2021-12-09 18:05:33.786,134
2021-12-09 18:05:34.786,134
2021-12-09 18:05:35.786,134
2021-12-09 18:05:36.786,135
2021-12-09 18:05:37.786,136
2021-12-09 18:05:38.786,138
2021-12-09 18:05:39.786,138
2021-12-09 18:05:40.786,139
2021-12-09 18:05:41.786,140
2021-12-09 18:05:42.786,140
2021-12-09 18:05:43.786,140
2021-12-09 18:05:44.786,139
2021-12-09 18:05:45.786,138
2021-12-09 18:05:46.786,138
2021-12-09 18:05:47.786,138
2021-12-09 18:05:48.786,138
2021-12-09 18:05:49.786,138
2021-12-09 18:05:50.786,139
2021-12-09 18:05:51.786,138
2021-12-09 18:05:52.786,138
2021-12-09 18:05:53.786,137
2021-12-09 18:05:54.786,135
2021-12-09 18:05:55.786,135
2021-12-09 18:05:56.786,135
2021-12-09 18:05:57.786,135
2021-12-09 18:05:58.786,136
2021-12-09 18:05:59.786,136
2021-12-09 18:06:00.786,135
2021-12-09 18:06:01.786,135
2021-12-09 18:06:02.786,135
2021-12-09 18:06:03.786,134
2021-12-09 18:06:04.786,134
2021-12-09 18:06:05.786,134
2021-12-09 18:06:06.786,134
2021-12-09 18:06:07.786,134
2021-12-09 18:06:08.786,135
2021-12-09 18:06:09.786,135
2021-12-09 18:06:10.786,135
2021-12-09 18:06:11.786,136
2021-12-09 18:06:12.786,136
2021-12-09 18:06:13.786,136
2021-12-09 18:06:14.786,136
2021-12-09 18:06:15.786,136
2021-12-09 18:06:16.786,136
2021-12-09 18:06:17.786,135
2021-12-09 18:06:18.786,136
2021-12-09 18:06:19.786,136
2021-12-09 18:06:20.786,137
2021-12-09 18:06:21.786,137
2021-12-09 18:06:22.786,137
2021-12-09 18:06:23.786,136
2021-12-09 18:06:24.786,136
2021-12-09 18:06:25.786,136
2021-12-09 18:06:26.786,135
2021-12-09 18:06:27.786,135
2021-12-09 18:06:28.786,135
2021-12-09 18:06:29.786,134
2021-12-09 18:06:30.786,132
2021-12-09 18:06:31.786,131
2021-12-09 18:06:32.786,130
2021-12-09 18:06:33.786,130
2021-12-09 18:06:34.786,130
2021-12-09 18:06:35.786,130
2021-12-09 18:06:36.786,130
2021-12-09 18:06:37.786,130
2021-12-09 18:06:38.786,130
2021-12-09 18:06:39.786,130
2021-12-09 18:06:40.786,129
2021-12-09 18:06:41.786,129
2021-12-09 18:06:42.786,128
2021-12-09 18:06:43.786,128
2021-12-09 18:06:44.786,128
2021-12-09 18:06:45.786,128
2021-12-09 18:06:46.786,129
2021-12-09 18:06:47.786,130
2021-12-09 18:06:48.786,130
2021-12-09 18:06:49.786,131
2021-12-09 18:06:50.786,133
2021-12-09 18:06:51.786,134
2021-12-09 18:06:52.786,135
2021-12-09 18:06:53.786,134
2021-12-09 18:06:54.786,134
2021-12-09 18:06:55.786,133
2021-12-09 18:06:56.786,133
2021-12-09 18:06:57.786,133
2021-12-09 18:06:58.786,133
2021-12-09 18:06:59.786,133
2021-12-09 18:07:00.786,133
2021-12-09 18:07:01.786,132
2021-12-09 18:07:02.786,132
2021-12-09 18:07:03.786,132
2021-12-09 18:07:04.786,132
2021-12-09 18:07:05.786,132
2021-12-09 18:07:06.786,132
2021-12-09 18:07:07.786,132
2021-12-09 18:07:08.786,132
2021-12-09 18:07:09.786,132
2021-12-09 18:07:10.786,133
2021-12-09 18:07:11.786,133
2021-12-09 18:07:12.786,134
2021-12-09 18:07:13.786,134
2021-12-09 18:07:14.786,134
2021-12-09 18:07:15.786,134
2021-12-09 18:07:16.786,134
2021-12-09 18:07:17.786,132
2021-12-09 18:07:18.786,131
2021-12-09 18:07:19.786,130
2021-12-09 18:07:20.786,130
2021-12-09 18:07:21.786,131
2021-12-09 18:07:22.786,131
2021-12-09 18:07:23.786,131
2021-12-09 18:07:24.786,131
2021-12-09 18:07:25.786,131
2021-12-09 18:07:26.786,131
2021-12-09 18:07:27.786,130
2021-12-09 18:07:28.786,128
2021-12-09 18:07:29.786,127
2021-12-09 18:07:30.786,127
2021-12-09 18:07:31.786,128
2021-12-09 18:07:32.786,128
2021-12-09 18:07:33.786,128
2021-12-09 18:07:34.786,128
2021-12-09 18:07:35.786,128
2021-12-09 18:07:36.786,128
2021-12-09 18:07:37.786,129
2021-12-09 18:07:38.786,129
2021-12-09 18:07:39.786,129
2021-12-09 18:07:40.786,129
2021-12-09 18:07:41.786,130
2021-12-09 18:07:42.786,130
2021-12-09 18:07:43.786,130
2021-12-09 18:07:44.786,130
2021-12-09 18:07:45.786,131
2021-12-09 18:07:46.786,131
2021-12-09 18:07:47.786,131
2021-12-09 18:07:48.786,131
2021-12-09 18:07:49.786,131
2021-12-09 18:07:50.786,132
2021-12-09 18:07:51.786,132
2021-12-09 18:07:52.786,132
2021-12-09 18:07:53.786,132
2021-12-09 18:07:54.786,132
2021-12-09 18:07:55.786,132
2021-12-09 18:07:56.786,132
2021-12-09 18:07:57.786,132
2021-12-09 18:07:58.786,132
2021-12-09 18:07:59.786,133
2021-12-09 18:08:00.786,133
2021-12-09 18:08:01.786,132
2021-12-09 18:08:02.786,132
2021-12-09 18:08:03.786,132
2021-12-09 18:08:04.786,131
2021-12-09 18:08:05.786,131
2021-12-09 18:08:06.786,131
2021-12-09 18:08:07.786,131
2021-12-09 18:08:08.786,131
2021-12-09 18:08:09.786,131
2021-12-09 18:08:10.786,131
2021-12-09 18:08:11.786,131
2021-12-09 18:08:12.786,131
2021-12-09 18:08:13.786,131
2021-12-09 18:08:14.786,131
2021-12-09 18:08:15.786,131
2021-12-09 18:08:16.786,131
2021-12-09 18:08:17.786,130
2021-12-09 18:08:18.786,129
2021-12-09 18:08:19.786,128
2021-12-09 18:08:20.786,128
2021-12-09 18:08:21.786,127
2021-12-09 18:08:22.786,128
2021-12-09 18:08:23.786,127
2021-12-09 18:08:24.786,127
2021-12-09 18:08:25.786,128
2021-12-09 18:08:26.786,128
2021-12-09 18:08:27.786,129
2021-12-09 18:08:28.786,130
2021-12-09 18:08:29.786,131
2021-12-09 18:08:30.786,131
2021-12-09 18:08:31.786,131
2021-12-09 18:08:32.786,131
2021-12-09 18:08:33.786,131
2021-12-09 18:08:34.786,131
2021-12-09 18:08:35.786,132
2021-12-09 18:08:36.786,132
2021-12-09 18:08:37.786,132
2021-12-09 18:08:38.786,132
2021-12-09 18:08:39.786,133
2021-12-09 18:08:40.786,133
2021-12-09 18:08:41.786,133
2021-12-09 18:08:42.786,134
2021-12-09 18:08:43.786,134
2021-12-09 18:08:44.786,134
2021-12-09 18:08:45.786,134
2021-12-09 18:08:46.786,134
2021-12-09 18:08:47.786,134
2021-12-09 18:08:48.786,134
2021-12-09 18:08:49.786,134
2021-12-09 18:08:50.786,134
2021-12-09 18:08:51.786,132
2021-12-09 18:08:52.786,132
2021-12-09 18:08:53.786,131
2021-12-09 18:08:54.786,131
2021-12-09 18:08:55.786,131
2021-12-09 18:08:56.786,132
2021-12-09 18:08:57.786,132
2021-12-09 18:08:58.786,132
2021-12-09 18:08:59.786,131
2021-12-09 18:09:00.786,131
2021-12-09 18:09:01.786,131
2021-12-09 18:09:02.786,130
2021-12-09 18:09:03.786,131
2021-12-09 18:09:04.786,131
2021-12-09 18:09:05.786,130
2021-12-09 18:09:06.786,131
2021-12-09 18:09:07.786,131
2021-12-09 18:09:08.786,131
2021-12-09 18:09:09.786,131
2021-12-09 18:09:10.786,131
2021-12-09 18:09:11.786,131
2021-12-09 18:09:12.786,131
2021-12-09 18:09:13.786,131
2021-12-09 18:09:14.786,131
2021-12-09 18:09:15.786,132
2021-12-09 18:09:16.786,132
2021-12-09 18:09:17.786,132
2021-12-09 18:09:18.786,132
2021-12-09 18:09:19.786,133
2021-12-09 18:09:20.786,134
2021-12-09 18:09:21.786,134
2021-12-09 18:09:22.786,134
2021-12-09 18:09:23.786,135
2021-12-09 18:09:24.786,135
2021-12-09 18:09:25.786,135
2021-12-09 18:09:26.786,135
2021-12-09 18:09:27.786,134
2021-12-09 18:09:28.786,134
2021-12-09 18:09:29.786,134
2021-12-09 18:09:30.786,133
2021-12-09 18:09:31.786,132
2021-12-09 18:09:32.786,133
2021-12-09 18:09:33.786,133
2021-12-09 18:09:34.786,133
2021-12-09 18:09:35.786,133
2021-12-09 18:09:36.786,134
2021-12-09 18:09:37.786,134
2021-12-09 18:09:38.786,135
2021-12-09 18:09:39.786,135
2021-12-09 18:09:40.786,135
2021-12-09 18:09:41.786,135
2021-12-09 18:09:42.786,133
2021-12-09 18:09:43.786,131
2021-12-09 18:09:44.786,130
2021-12-09 18:09:45.786,129
2021-12-09 18:09:46.786,128
2021-12-09 18:09:47.786,129
2021-12-09 18:09:48.786,130
2021-12-09 18:09:49.786,132
2021-12-09 18:09:50.786,133
2021-12-09 18:09:51.786,133
2021-12-09 18:09:52.786,135
2021-12-09 18:09:53.786,135
2021-12-09 18:09:54.786,135
2021-12-09 18:09:55.786,135
2021-12-09 18:09:56.786,134
2021-12-09 18:09:57.786,134
2021-12-09 18:09:58.786,133
2021-12-09 18:09:59.786,133
2021-12-09 18:10:00.786,133
2021-12-09 18:10:01.786,133
2021-12-09 18:10:02.786,132
2021-12-09 18:10:03.786,132
2021-12-09 18:10:04.786,130
2021-12-09 18:10:05.786,130
2021-12-09 18:10:06.786,128
2021-12-09 18:10:07.786,127
2021-12-09 18:10:08.786,126
2021-12-09 18:10:09.786,126
2021-12-09 18:10:10.786,125
2021-12-09 18:10:11.786,125
2021-12-09 18:10:12.786,125
2021-12-09 18:10:13.786,125
2021-12-09 18:10:14.786,124
2021-12-09 18:10:15.786,125
2021-12-09 18:10:16.786,125
2021-12-09 18:10:17.786,125
2021-12-09 18:10:18.786,125
2021-12-09 18:10:19.786,125
2021-12-09 18:10:20.786,126
2021-12-09 18:10:21.786,127
2021-12-09 18:10:22.786,128
2021-12-09 18:10:23.786,129
2021-12-09 18:10:24.786,129
2021-12-09 18:10:25.786,129
2021-12-09 18:10:26.786,130
2021-12-09 18:10:27.786,130
2021-12-09 18:10:28.786,131
2021-12-09 18:10:29.786,131
2021-12-09 18:10:30.786,131
2021-12-09 18:10:31.786,131
2021-12-09 18:10:32.786,130
2021-12-09 18:10:33.786,130
2021-12-09 18:10:34.786,130
2021-12-09 18:10:35.786,130
2021-12-09 18:10:36.786,130
2021-12-09 18:10:37.786,130
2021-12-09 18:10:38.786,130
2021-12-09 18:10:39.786,130
2021-12-09 18:10:40.786,129
2021-12-09 18:10:41.786,129
2021-12-09 18:10:42.786,128
2021-12-09 18:10:43.786,129
2021-12-09 18:10:44.786,129
2021-12-09 18:10:45.786,128
2021-12-09 18:10:46.786,129
2021-12-09 18:10:47.786,130
2021-12-09 18:10:48.786,130
2021-12-09 18:10:49.786,132
2021-12-09 18:10:50.786,132
2021-12-09 18:10:51.786,133
2021-12-09 18:10:52.786,133
2021-12-09 18:10:53.786,134
2021-12-09 18:10:54.786,134
2021-12-09 18:10:55.786,134
2021-12-09 18:10:56.786,134
2021-12-09 18:10:57.786,134
2021-12-09 18:10:58.786,134
2021-12-09 18:10:59.786,133
2021-12-09 18:11:00.786,133
2021-12-09 18:11:01.786,133
2021-12-09 18:11:02.786,132
2021-12-09 18:11:03.786,132
2021-12-09 18:11:04.786,133
2021-12-09 18:11:05.786,133
2021-12-09 18:11:06.786,133
2021-12-09 18:11:07.786,133
2021-12-09 18:11:08.786,132
2021-12-09 18:11:09.786,132
2021-12-09 18:11:10.786,132
2021-12-09 18:11:11.786,131
2021-12-09 18:11:12.786,131
2021-12-09 18:11:13.786,131
2021-12-09 18:11:14.786,130
2021-12-09 18:11:15.786,130
2021-12-09 18:11:16.786,130
2021-12-09 18:11:17.786,130
2021-12-09 18:11:18.786,130
2021-12-09 18:11:19.786,130
2021-12-09 18:11:20.786,130
2021-12-09 18:11:21.786,131
2021-12-09 18:11:22.786,131
2021-12-09 18:11:23.786,131
2021-12-09 18:11:24.786,131
2021-12-09 18:11:25.786,131
2021-12-09 18:11:26.786,131
2021-12-09 18:11:27.786,130
2021-12-09 18:11:28.786,130
2021-12-09 18:11:29.786,129
2021-12-09 18:11:30.786,129
2021-12-09 18:11:31.786,129
2021-12-09 18:11:32.786,129
2021-12-09 18:11:33.786,130
2021-12-09 18:11:34.786,130
2021-12-09 18:11:35.786,130
2021-12-09 18:11:36.786,130
2021-12-09 18:11:37.786,131
2021-12-09 18:11:38.786,131
2021-12-09 18:11:39.786,131
2021-12-09 18:11:40.786,131
2021-12-09 18:11:41.786,131
2021-12-09 18:11:42.786,131
2021-12-09 18:11:43.786,131
2021-12-09 18:11:44.786,131
2021-12-09 18:11:45.786,131
2021-12-09 18:11:46.786,131
2021-12-09 18:11:47.786,130
2021-12-09 18:11:48.786,131
2021-12-09 18:11:49.786,131
2021-12-09 18:11:50.786,131
2021-12-09 18:11:51.786,130
2021-12-09 18:11:52.786,131
2021-12-09 18:11:53.786,131
2021-12-09 18:11:54.786,131
2021-12-09 18:11:55.786,131
2021-12-09 18:11:56.786,131
2021-12-09 18:11:57.786,131
2021-12-09 18:11:58.786,131
2021-12-09 18:11:59.786,130
2021-12-09 18:12:00.786,131
2021-12-09 18:12:01.786,131
2021-12-09 18:12:02.786,131
2021-12-09 18:12:03.786,130
2021-12-09 18:12:04.786,130
2021-12-09 18:12:05.786,130
2021-12-09 18:12:06.786,130
2021-12-09 18:12:07.786,130
2021-12-09 18:12:08.786,129
2021-12-09 18:12:09.786,129
2021-12-09 18:12:10.786,129
2021-12-09 18:12:11.786,128
2021-12-09 18:12:12.786,128
2021-12-09 18:12:13.786,128
2021-12-09 18:12:14.786,128
2021-12-09 18:12:15.786,128
2021-12-09 18:12:16.786,128
2021-12-09 18:12:17.786,128
2021-12-09 18:12:18.786,129
2021-12-09 18:12:19.786,129
2021-12-09 18:12:20.786,129
2021-12-09 18:12:21.786,129
2021-12-09 18:12:22.786,129
2021-12-09 18:12:23.786,129
2021-12-09 18:12:24.786,129
2021-12-09 18:12:25.786,130
2021-12-09 18:12:26.786,131
2021-12-09 18:12:27.786,130
2021-12-09 18:12:28.786,131
2021-12-09 18:12:29.786,132
2021-12-09 18:12:30.786,133
2021-12-09 18:12:31.786,133
2021-12-09 18:12:32.786,133
2021-12-09 18:12:33.786,132
2021-12-09 18:12:34.786,132
2021-12-09 18:12:35.786,131
2021-12-09 18:12:36.786,131
2021-12-09 18:12:37.786,131
2021-12-09 18:12:38.786,131
2021-12-09 18:12:39.786,131
2021-12-09 18:12:40.786,130
2021-12-09 18:12:41.786,130
2021-12-09 18:12:42.786,130
2021-12-09 18:12:43.786,131
2021-12-09 18:12:44.786,131
2021-12-09 18:12:45.786,131
2021-12-09 18:12:46.786,131
2021-12-09 18:12:47.786,130
2021-12-09 18:12:48.786,130
2021-12-09 18:12:49.786,130
2021-12-09 18:12:50.786,131
2021-12-09 18:12:51.786,131
2021-12-09 18:12:52.786,131
2021-12-09 18:12:53.786,132
2021-12-09 18:12:54.786,132
2021-12-09 18:12:55.786,132
2021-12-09 18:12:56.786,132
2021-12-09 18:12:57.786,132
2021-12-09 18:12:58.786,131
2021-12-09 18:12:59.786,131
2021-12-09 18:13:00.786,131
2021-12-09 18:13:01.786,131
2021-12-09 18:13:02.786,131
2021-12-09 18:13:03.786,131
2021-12-09 18:13:04.786,130
2021-12-09 18:13:05.786,129
2021-12-09 18:13:06.786,129
2021-12-09 18:13:07.786,129
2021-12-09 18:13:08.786,129
2021-12-09 18:13:09.786,129
2021-12-09 18:13:10.786,129
2021-12-09 18:13:11.786,129
2021-12-09 18:13:12.786,129
2021-12-09 18:13:13.786,131
2021-12-09 18:13:14.786,132
2021-12-09 18:13:15.786,132
2021-12-09 18:13:16.786,133
2021-12-09 18:13:17.786,132
2021-12-09 18:13:18.786,132
2021-12-09 18:13:19.786,132
2021-12-09 18:13:20.786,131
2021-12-09 18:13:21.786,131
2021-12-09 18:13:22.786,132
2021-12-09 18:13:23.786,132
2021-12-09 18:13:24.786,131
2021-12-09 18:13:25.786,130
2021-12-09 18:13:26.786,129
2021-12-09 18:13:27.786,129
2021-12-09 18:13:28.786,128
2021-12-09 18:13:29.786,128
2021-12-09 18:13:30.786,128
2021-12-09 18:13:31.786,129
2021-12-09 18:13:32.786,129
2021-12-09 18:13:33.786,129
2021-12-09 18:13:34.786,130
2021-12-09 18:13:35.786,129
2021-12-09 18:13:36.786,129
2021-12-09 18:13:37.786,129
2021-12-09 18:13:38.786,130
2021-12-09 18:13:39.786,130
2021-12-09 18:13:40.786,131
2021-12-09 18:13:41.786,131
2021-12-09 18:13:42.786,131
2021-12-09 18:13:43.786,131
2021-12-09 18:13:44.786,131
2021-12-09 18:13:45.786,132
2021-12-09 18:13:46.786,131
2021-12-09 18:13:47.786,131
2021-12-09 18:13:48.786,131
2021-12-09 18:13:49.786,133
2021-12-09 18:13:50.786,134
2021-12-09 18:13:51.786,135
2021-12-09 18:13:52.786,135
2021-12-09 18:13:53.786,135
2021-12-09 18:13:54.786,134
2021-12-09 18:13:55.786,132
2021-12-09 18:13:56.786,132
2021-12-09 18:13:57.786,131
2021-12-09 18:13:58.786,130
2021-12-09 18:13:59.786,130
2021-12-09 18:14:00.786,130
2021-12-09 18:14:01.786,129
2021-12-09 18:14:02.786,129
2021-12-09 18:14:03.786,128
2021-12-09 18:14:04.786,127
2021-12-09 18:14:05.786,127
2021-12-09 18:14:06.786,127
2021-12-09 18:14:07.786,127
2021-12-09 18:14:08.786,127
2021-12-09 18:14:09.786,127
2021-12-09 18:14:10.786,128
2021-12-09 18:14:11.786,127
2021-12-09 18:14:12.786,127
2021-12-09 18:14:13.786,127
2021-12-09 18:14:14.786,127
2021-12-09 18:14:15.786,128
2021-12-09 18:14:16.786,128
2021-12-09 18:14:17.786,128
2021-12-09 18:14:18.786,128
2021-12-09 18:14:19.786,128
2021-12-09 18:14:20.786,129
2021-12-09 18:14:21.786,129
2021-12-09 18:14:22.786,129
2021-12-09 18:14:23.786,128
2021-12-09 18:14:24.786,128
2021-12-09 18:14:25.786,128
2021-12-09 18:14:26.786,129
2021-12-09 18:14:27.786,130
2021-12-09 18:14:28.786,131
2021-12-09 18:14:29.786,133
2021-12-09 18:14:30.786,134
2021-12-09 18:14:31.786,135
2021-12-09 18:14:32.786,136
2021-12-09 18:14:33.786,136
2021-12-09 18:14:34.786,136
2021-12-09 18:14:35.786,135
2021-12-09 18:14:36.786,135
2021-12-09 18:14:37.786,133
2021-12-09 18:14:38.786,133
2021-12-09 18:14:39.786,134
2021-12-09 18:14:40.786,134
2021-12-09 18:14:41.786,134
2021-12-09 18:14:42.786,134
2021-12-09 18:14:43.786,134
2021-12-09 18:14:44.786,133
2021-12-09 18:14:45.786,133
2021-12-09 18:14:46.786,133
2021-12-09 18:14:47.786,133
2021-12-09 18:14:48.786,133
2021-12-09 18:14:49.786,132
2021-12-09 18:14:50.786,133
2021-12-09 18:14:51.786,133
2021-12-09 18:14:52.786,133
2021-12-09 18:14:53.786,133
2021-12-09 18:14:54.786,133
2021-12-09 18:14:55.786,132
2021-12-09 18:14:56.786,132
2021-12-09 18:14:57.786,132
2021-12-09 18:14:58.786,132
2021-12-09 18:14:59.786,132
2021-12-09 18:15:00.786,132
2021-12-09 18:15:01.786,131
2021-12-09 18:15:02.786,131
2021-12-09 18:15:03.786,131
2021-12-09 18:15:04.786,131
2021-12-09 18:15:05.786,131
2021-12-09 18:15:06.786,130
2021-12-09 18:15:07.786,131
2021-12-09 18:15:08.786,131
2021-12-09 18:15:09.786,131
2021-12-09 18:15:10.786,131
2021-12-09 18:15:11.786,131
2021-12-09 18:15:12.786,132
2021-12-09 18:15:13.786,131
2021-12-09 18:15:14.786,132
2021-12-09 18:15:15.786,131
2021-12-09 18:15:16.786,131
2021-12-09 18:15:17.786,131
2021-12-09 18:15:18.786,130
2021-12-09 18:15:19.786,130
2021-12-09 18:15:20.786,130
2021-12-09 18:15:21.786,130
2021-12-09 18:15:22.786,129
2021-12-09 18:15:23.786,129
2021-12-09 18:15:24.786,130
2021-12-09 18:15:25.786,131
2021-12-09 18:15:26.786,132
2021-12-09 18:15:27.786,132
2021-12-09 18:15:28.786,132
2021-12-09 18:15:29.786,132
2021-12-09 18:15:30.786,132
2021-12-09 18:15:31.786,130
2021-12-09 18:15:32.786,130
2021-12-09 18:15:33.786,129
2021-12-09 18:15:34.786,129
2021-12-09 18:15:35.786,129
2021-12-09 18:15:36.786,129
2021-12-09 18:15:37.786,129
2021-12-09 18:15:38.786,129
2021-12-09 18:15:39.786,129
2021-12-09 18:15:40.786,129
2021-12-09 18:15:41.786,128
2021-12-09 18:15:42.786,128
2021-12-09 18:15:43.786,128
2021-12-09 18:15:44.786,128
2021-12-09 18:15:45.786,127
2021-12-09 18:15:46.786,127
2021-12-09 18:15:47.786,127
2021-12-09 18:15:48.786,127
2021-12-09 18:15:49.786,127
2021-12-09 18:15:50.786,127
2021-12-09 18:15:51.786,127
2021-12-09 18:15:52.786,126
2021-12-09 18:15:53.786,126
2021-12-09 18:15:54.786,126
2021-12-09 18:15:55.786,126
2021-12-09 18:15:56.786,126
2021-12-09 18:15:57.786,125
2021-12-09 18:15:58.786,126
2021-12-09 18:15:59.786,126
2021-12-09 18:16:00.786,126
2021-12-09 18:16:01.786,126
2021-12-09 18:16:02.786,126
2021-12-09 18:16:03.786,127
2021-12-09 18:16:04.786,128
2021-12-09 18:16:05.786,129
2021-12-09 18:16:06.786,130
2021-12-09 18:16:07.786,131
2021-12-09 18:16:08.786,131
2021-12-09 18:16:09.786,131
2021-12-09 18:16:10.786,130
2021-12-09 18:16:11.786,130
2021-12-09 18:16:12.786,130
2021-12-09 18:16:13.786,130
2021-12-09 18:16:14.786,130
2021-12-09 18:16:15.786,130
2021-12-09 18:16:16.786,131
2021-12-09 18:16:17.786,130
2021-12-09 18:16:18.786,130
2021-12-09 18:16:19.786,130
2021-12-09 18:16:20.786,130
2021-12-09 18:16:21.786,131
2021-12-09 18:16:22.786,132
2021-12-09 18:16:23.786,133
2021-12-09 18:16:24.786,133
2021-12-09 18:16:25.786,133
2021-12-09 18:16:26.786,133
2021-12-09 18:16:27.786,133
2021-12-09 18:16:28.786,133
2021-12-09 18:16:29.786,132
2021-12-09 18:16:30.786,132
2021-12-09 18:16:31.786,132
2021-12-09 18:16:32.786,132
2021-12-09 18:16:33.786,132
2021-12-09 18:16:34.786,131
2021-12-09 18:16:35.786,131
2021-12-09 18:16:36.786,131
2021-12-09 18:16:37.786,130
2021-12-09 18:16:38.786,129
2021-12-09 18:16:39.786,129
2021-12-09 18:16:40.786,128
2021-12-09 18:16:41.786,128
2021-12-09 18:16:42.786,128
2021-12-09 18:16:43.786,129
2021-12-09 18:16:44.786,129
2021-12-09 18:16:45.786,129
2021-12-09 18:16:46.786,129
2021-12-09 18:16:47.786,130
2021-12-09 18:16:48.786,130
2021-12-09 18:16:49.786,130
2021-12-09 18:16:50.786,130
2021-12-09 18:16:51.786,131
2021-12-09 18:16:52.786,131
2021-12-09 18:16:53.786,131
2021-12-09 18:16:54.786,131
2021-12-09 18:16:55.786,130
2021-12-09 18:16:56.786,131
2021-12-09 18:16:57.786,130
2021-12-09 18:16:58.786,130
2021-12-09 18:16:59.786,131
2021-12-09 18:17:00.786,131
2021-12-09 18:17:01.786,132
2021-12-09 18:17:02.786,132
2021-12-09 18:17:03.786,132
2021-12-09 18:17:04.786,132
2021-12-09 18:17:05.786,132
2021-12-09 18:17:06.786,132
2021-12-09 18:17:07.786,132
2021-12-09 18:17:08.786,132
2021-12-09 18:17:09.786,132
2021-12-09 18:17:10.786,132
2021-12-09 18:17:11.786,132
2021-12-09 18:17:12.786,132
2021-12-09 18:17:13.786,132
2021-12-09 18:17:14.786,131
2021-12-09 18:17:15.786,131
2021-12-09 18:17:16.786,130
2021-12-09 18:17:17.786,130
2021-12-09 18:17:18.786,130
2021-12-09 18:17:19.786,130
2021-12-09 18:17:20.786,129
2021-12-09 18:17:21.786,128
2021-12-09 18:17:22.786,129
2021-12-09 18:17:23.786,128
2021-12-09 18:17:24.786,128
2021-12-09 18:17:25.786,129
2021-12-09 18:17:26.786,129
2021-12-09 18:17:27.786,129
2021-12-09 18:17:28.786,129
2021-12-09 18:17:29.786,129
2021-12-09 18:17:30.786,129
2021-12-09 18:17:31.786,129
2021-12-09 18:17:32.786,129
2021-12-09 18:17:33.786,129
2021-12-09 18:17:34.786,130
2021-12-09 18:17:35.786,131
2021-12-09 18:17:36.786,131
2021-12-09 18:17:37.786,131
2021-12-09 18:17:38.786,131
2021-12-09 18:17:39.786,132
2021-12-09 18:17:40.786,133
2021-12-09 18:17:41.786,133
2021-12-09 18:17:42.786,133
2021-12-09 18:17:43.786,133
2021-12-09 18:17:44.786,133
2021-12-09 18:17:45.786,133
2021-12-09 18:17:46.786,133
2021-12-09 18:17:47.786,132
2021-12-09 18:17:48.786,132
2021-12-09 18:17:49.786,132
2021-12-09 18:17:50.786,132
2021-12-09 18:17:51.786,133
2021-12-09 18:17:52.786,133
2021-12-09 18:17:53.786,133
2021-12-09 18:17:54.786,133
2021-12-09 18:17:55.786,133
2021-12-09 18:17:56.786,134
2021-12-09 18:17:57.786,134
2021-12-09 18:17:58.786,134
2021-12-09 18:17:59.786,134
2021-12-09 18:18:00.786,134
2021-12-09 18:18:01.786,133
2021-12-09 18:18:02.786,133
2021-12-09 18:18:03.786,132
2021-12-09 18:18:04.786,132
2021-12-09 18:18:05.786,130
2021-12-09 18:18:06.786,129
2021-12-09 18:18:07.786,129
2021-12-09 18:18:08.786,128
2021-12-09 18:18:09.786,129
2021-12-09 18:18:10.786,129
2021-12-09 18:18:11.786,129
2021-12-09 18:18:12.786,129
2021-12-09 18:18:13.786,129
2021-12-09 18:18:14.786,131
2021-12-09 18:18:15.786,131
2021-12-09 18:18:16.786,131
2021-12-09 18:18:17.786,130
2021-12-09 18:18:18.786,129
2021-12-09 18:18:19.786,129
2021-12-09 18:18:20.786,127
2021-12-09 18:18:21.786,125
2021-12-09 18:18:22.786,125
2021-12-09 18:18:23.786,125
2021-12-09 18:18:24.786,127
2021-12-09 18:18:25.786,127
2021-12-09 18:18:26.786,127
2021-12-09 18:18:27.786,124
2021-12-09 18:18:28.786,122
2021-12-09 18:18:29.786,122
2021-12-09 18:18:30.786,121
2021-12-09 18:18:31.786,123
2021-12-09 18:18:32.786,123
2021-12-09 18:18:33.786,123
2021-12-09 18:18:34.786,124
2021-12-09 18:18:35.786,125
2021-12-09 18:18:36.786,126
2021-12-09 18:18:37.786,126
2021-12-09 18:18:38.786,117
2021-12-09 18:18:39.786,117
2021-12-09 18:18:40.786,108
2021-12-09 18:18:41.786,110
2021-12-09 18:18:42.786,111
2021-12-09 18:18:43.786,112
2021-12-09 18:18:44.786,113
2021-12-09 18:18:45.786,115
2021-12-09 18:18:46.786,117
2021-12-09 18:18:47.786,119
2021-12-09 18:18:48.786,119
2021-12-09 18:18:49.786,119
2021-12-09 18:18:50.786,117
2021-12-09 18:18:51.786,115
2021-12-09 18:18:52.786,112
2021-12-09 18:18:53.786,110
2021-12-09 18:18:54.786,109
2021-12-09 18:18:55.786,110
2021-12-09 18:18:56.786,110
2021-12-09 18:18:57.786,110
2021-12-09 18:18:58.786,110
2021-12-09 18:18:59.786,111
2021-12-09 18:19:00.786,111
2021-12-09 18:19:01.786,110
2021-12-09 18:19:02.786,110
2021-12-09 18:19:03.786,110
2021-12-09 18:19:04.786,110
2021-12-09 18:19:05.786,110
2021-12-09 18:19:06.786,111
2021-12-09 18:19:07.786,111
2021-12-09 18:19:08.786,113
2021-12-09 18:19:09.786,112
2021-12-09 18:19:10.786,111
2021-12-09 18:19:11.786,110
2021-12-09 18:19:12.786,110
2021-12-09 18:19:13.786,110
2021-12-09 18:19:14.786,110
2021-12-09 18:19:15.786,111
2021-12-09 18:19:16.786,111
2021-12-09 18:19:17.786,111
2021-12-09 18:19:18.786,111
2021-12-09 18:19:19.786,111
2021-12-09 18:19:20.786,111
2021-12-09 18:19:21.786,111
2021-12-09 18:19:22.786,111
2021-12-09 18:19:23.786,111
2021-12-09 18:19:24.786,111
2021-12-09 18:19:25.786,109
2021-12-09 18:19:26.786,109
2021-12-09 18:19:27.786,109
2021-12-09 18:19:28.786,109
2021-12-09 18:19:29.786,110
2021-12-09 18:19:30.786,111
2021-12-09 18:19:31.786,111
2021-12-09 18:19:32.786,110
2021-12-09 18:19:33.786,109
2021-12-09 18:19:34.786,108
2021-12-09 18:19:35.786,108
2021-12-09 18:19:36.786,109
2021-12-09 18:19:37.786,109
2021-12-09 18:19:38.786,112
2021-12-09 18:19:39.786,112
2021-12-09 18:19:40.786,113
2021-12-09 18:19:41.786,113
2021-12-09 18:19:42.786,112
2021-12-09 18:19:43.786,112
2021-12-09 18:19:44.786,112
2021-12-09 18:19:45.786,112
2021-12-09 18:19:46.786,113
2021-12-09 18:19:47.786,113
2021-12-09 18:19:48.786,114
2021-12-09 18:19:49.786,115
2021-12-09 18:19:50.786,116
2021-12-09 18:19:51.786,117
2021-12-09 18:19:52.786,118
2021-12-09 18:19:53.786,119
2021-12-09 18:19:54.786,120
2021-12-09 18:19:55.786,120
2021-12-09 18:19:56.786,120
2021-12-09 18:19:57.786,121
2021-12-09 18:19:58.786,121
2021-12-09 18:19:59.786,121
2021-12-09 18:20:00.786,123
2021-12-09 18:20:01.786,123
2021-12-09 18:20:02.786,124
2021-12-09 18:20:03.786,124
2021-12-09 18:20:04.786,125
2021-12-09 18:20:05.786,125
2021-12-09 18:20:06.786,125
2021-12-09 18:20:07.786,125
2021-12-09 18:20:08.786,124
2021-12-09 18:20:09.786,124
2021-12-09 18:20:10.786,124
2021-12-09 18:20:11.786,123
2021-12-09 18:20:12.786,124
2021-12-09 18:20:13.786,124
2021-12-09 18:20:14.786,124
2021-12-09 18:20:15.786,124
2021-12-09 18:20:16.786,124
2021-12-09 18:20:17.786,125
2021-12-09 18:20:18.786,125
2021-12-09 18:20:19.786,125
2021-12-09 18:20:20.786,125
2021-12-09 18:20:21.786,125
2021-12-09 18:20:22.786,125
2021-12-09 18:20:23.786,125
2021-12-09 18:20:24.786,125
2021-12-09 18:20:25.786,125
2021-12-09 18:20:26.786,125
2021-12-09 18:20:27.786,125
2021-12-09 18:20:28.786,126
2021-12-09 18:20:29.786,127
2021-12-09 18:20:30.786,128
2021-12-09 18:20:31.786,128
2021-12-09 18:20:32.786,129
2021-12-09 18:20:33.786,128
2021-12-09 18:20:34.786,128
2021-12-09 18:20:35.786,128
2021-12-09 18:20:36.786,128
2021-12-09 18:20:37.786,129
2021-12-09 18:20:38.786,129
2021-12-09 18:20:39.786,129
2021-12-09 18:20:40.786,129
2021-12-09 18:20:41.786,130
2021-12-09 18:20:42.786,130
2021-12-09 18:20:43.786,130
2021-12-09 18:20:44.786,130
2021-12-09 18:20:45.786,130
2021-12-09 18:20:46.786,131
2021-12-09 18:20:47.786,131
2021-12-09 18:20:48.786,131
2021-12-09 18:20:49.786,130
2021-12-09 18:20:50.786,129
2021-12-09 18:20:51.786,129
2021-12-09 18:20:52.786,128
2021-12-09 18:20:53.786,128
2021-12-09 18:20:54.786,128
2021-12-09 18:20:55.786,129
2021-12-09 18:20:56.786,129
2021-12-09 18:20:57.786,130
2021-12-09 18:20:58.786,131
2021-12-09 18:20:59.786,131
2021-12-09 18:21:00.786,131
2021-12-09 18:21:01.786,132
2021-12-09 18:21:02.786,133
2021-12-09 18:21:03.786,133
2021-12-09 18:21:04.786,133
2021-12-09 18:21:05.786,133
2021-12-09 18:21:06.786,134
2021-12-09 18:21:07.786,133
2021-12-09 18:21:08.786,134
2021-12-09 18:21:09.786,134
2021-12-09 18:21:10.786,135
2021-12-09 18:21:11.786,134
2021-12-09 18:21:12.786,134
2021-12-09 18:21:13.786,133
2021-12-09 18:21:14.786,132
2021-12-09 18:21:15.786,131
2021-12-09 18:21:16.786,131
2021-12-09 18:21:17.786,131
2021-12-09 18:21:18.786,131
2021-12-09 18:21:19.786,131
2021-12-09 18:21:20.786,129
2021-12-09 18:21:21.786,127
2021-12-09 18:21:22.786,126
2021-12-09 18:21:23.786,125
2021-12-09 18:21:24.786,125
2021-12-09 18:21:25.786,124
2021-12-09 18:21:26.786,123
2021-12-09 18:21:27.786,123
2021-12-09 18:21:28.786,123
2021-12-09 18:21:29.786,123
2021-12-09 18:21:30.786,124
2021-12-09 18:21:31.786,124
2021-12-09 18:21:32.786,124
2021-12-09 18:21:33.786,124
2021-12-09 18:21:34.786,124
2021-12-09 18:21:35.786,125
2021-12-09 18:21:36.786,125
2021-12-09 18:21:37.786,125
2021-12-09 18:21:38.786,125
2021-12-09 18:21:39.786,124
2021-12-09 18:21:40.786,126
2021-12-09 18:21:41.786,126
2021-12-09 18:21:42.786,126
2021-12-09 18:21:43.786,125
2021-12-09 18:21:44.786,126
2021-12-09 18:21:45.786,126
2021-12-09 18:21:46.786,126
2021-12-09 18:21:47.786,126
2021-12-09 18:21:48.786,126
2021-12-09 18:21:49.786,126
2021-12-09 18:21:50.786,126
2021-12-09 18:21:51.786,126
2021-12-09 18:21:52.786,126
2021-12-09 18:21:53.786,125
2021-12-09 18:21:54.786,125
2021-12-09 18:21:55.786,126
2021-12-09 18:21:56.786,126
2021-12-09 18:21:57.786,126
2021-12-09 18:21:58.786,127
2021-12-09 18:21:59.786,127
2021-12-09 18:22:00.786,127
2021-12-09 18:22:01.786,127
2021-12-09 18:22:02.786,127
2021-12-09 18:22:03.786,127
2021-12-09 18:22:04.786,128
2021-12-09 18:22:05.786,128
2021-12-09 18:22:06.786,128
2021-12-09 18:22:07.786,128
2021-12-09 18:22:08.786,128
2021-12-09 18:22:09.786,128
2021-12-09 18:22:10.786,127
2021-12-09 18:22:11.786,127
2021-12-09 18:22:12.786,127
2021-12-09 18:22:13.786,127
2021-12-09 18:22:14.786,127
2021-12-09 18:22:15.786,126
2021-12-09 18:22:16.786,126
2021-12-09 18:22:17.786,127
2021-12-09 18:22:18.786,127
2021-12-09 18:22:19.786,127
2021-12-09 18:22:20.786,127
2021-12-09 18:22:21.786,127
2021-12-09 18:22:22.786,127
2021-12-09 18:22:23.786,127
2021-12-09 18:22:24.786,127
2021-12-09 18:22:25.786,127
2021-12-09 18:22:26.786,127
2021-12-09 18:22:27.786,127
2021-12-09 18:22:28.786,126
2021-12-09 18:22:29.786,126
2021-12-09 18:22:30.786,125
2021-12-09 18:22:31.786,125
2021-12-09 18:22:32.786,126
2021-12-09 18:22:33.786,126
2021-12-09 18:22:34.786,125
2021-12-09 18:22:35.786,125
2021-12-09 18:22:36.786,126
2021-12-09 18:22:37.786,126
2021-12-09 18:22:38.786,127
2021-12-09 18:22:39.786,127
2021-12-09 18:22:40.786,129
2021-12-09 18:22:41.786,131
2021-12-09 18:22:42.786,131
2021-12-09 18:22:43.786,132
2021-12-09 18:22:44.786,132
2021-12-09 18:22:45.786,132
2021-12-09 18:22:46.786,132
2021-12-09 18:22:47.786,132
2021-12-09 18:22:48.786,132
2021-12-09 18:22:49.786,131
2021-12-09 18:22:50.786,131
2021-12-09 18:22:51.786,131
2021-12-09 18:22:52.786,131
2021-12-09 18:22:53.786,130
2021-12-09 18:22:54.786,131
2021-12-09 18:22:55.786,130
2021-12-09 18:22:56.786,130
2021-12-09 18:22:57.786,128
2021-12-09 18:22:58.786,127
2021-12-09 18:22:59.786,128
2021-12-09 18:23:00.786,128
2021-12-09 18:23:01.786,129
2021-12-09 18:23:02.786,131
2021-12-09 18:23:03.786,133
2021-12-09 18:23:04.786,134
2021-12-09 18:23:05.786,135
2021-12-09 18:23:06.786,134
2021-12-09 18:23:07.786,134
2021-12-09 18:23:08.786,133
2021-12-09 18:23:09.786,132
2021-12-09 18:23:10.786,131
2021-12-09 18:23:11.786,131
2021-12-09 18:23:12.786,131
2021-12-09 18:23:13.786,131
2021-12-09 18:23:14.786,132
2021-12-09 18:23:15.786,132
2021-12-09 18:23:16.786,132
2021-12-09 18:23:17.786,132
2021-12-09 18:23:18.786,132
2021-12-09 18:23:19.786,132
2021-12-09 18:23:20.786,131
2021-12-09 18:23:21.786,131
2021-12-09 18:23:22.786,131
2021-12-09 18:23:23.786,131
2021-12-09 18:23:24.786,132
2021-12-09 18:23:25.786,132
2021-12-09 18:23:26.786,131
2021-12-09 18:23:27.786,130
2021-12-09 18:23:28.786,129
2021-12-09 18:23:29.786,130
2021-12-09 18:23:30.786,129
2021-12-09 18:23:31.786,130
2021-12-09 18:23:32.786,130
2021-12-09 18:23:33.786,129
2021-12-09 18:23:34.786,130
2021-12-09 18:23:35.786,129
2021-12-09 18:23:36.786,129
2021-12-09 18:23:37.786,129
2021-12-09 18:23:38.786,129
2021-12-09 18:23:39.786,130
2021-12-09 18:23:40.786,130
2021-12-09 18:23:41.786,130
2021-12-09 18:23:42.786,131
2021-12-09 18:23:43.786,131
2021-12-09 18:23:44.786,131
2021-12-09 18:23:45.786,131
2021-12-09 18:23:46.786,130
2021-12-09 18:23:47.786,130
2021-12-09 18:23:48.786,129
2021-12-09 18:23:49.786,129
2021-12-09 18:23:50.786,130
2021-12-09 18:23:51.786,130
2021-12-09 18:23:52.786,130
2021-12-09 18:23:53.786,130
2021-12-09 18:23:54.786,130
2021-12-09 18:23:55.786,130
2021-12-09 18:23:56.786,130
2021-12-09 18:23:57.786,130
2021-12-09 18:23:58.786,130
2021-12-09 18:23:59.786,130
2021-12-09 18:24:00.786,131
2021-12-09 18:24:01.786,132
2021-12-09 18:24:02.786,132
2021-12-09 18:24:03.786,133
2021-12-09 18:24:04.786,134
2021-12-09 18:24:05.786,134
2021-12-09 18:24:06.786,132
2021-12-09 18:24:07.786,131
2021-12-09 18:24:08.786,130
2021-12-09 18:24:09.786,130
2021-12-09 18:24:10.786,129
2021-12-09 18:24:11.786,128
2021-12-09 18:24:12.786,128
2021-12-09 18:24:13.786,128
2021-12-09 18:24:14.786,127
2021-12-09 18:24:15.786,126
2021-12-09 18:24:16.786,125
2021-12-09 18:24:17.786,126
2021-12-09 18:24:18.786,126
2021-12-09 18:24:19.786,127
2021-12-09 18:24:20.786,127
2021-12-09 18:24:21.786,127
2021-12-09 18:24:22.786,126
2021-12-09 18:24:23.786,125
2021-12-09 18:24:24.786,126
2021-12-09 18:24:25.786,126
2021-12-09 18:24:26.786,125
2021-12-09 18:24:27.786,125
2021-12-09 18:24:28.786,126
2021-12-09 18:24:29.786,126
2021-12-09 18:24:30.786,127
2021-12-09 18:24:31.786,127
2021-12-09 18:24:32.786,128
2021-12-09 18:24:33.786,128
2021-12-09 18:24:34.786,120
2021-12-09 18:24:35.786,114
2021-12-09 18:24:36.786,112
2021-12-09 18:24:37.786,113
2021-12-09 18:24:38.786,115
2021-12-09 18:24:39.786,117
2021-12-09 18:24:40.786,119
2021-12-09 18:24:41.786,120
2021-12-09 18:24:42.786,120
2021-12-09 18:24:43.786,120
2021-12-09 18:24:44.786,120
2021-12-09 18:24:45.786,119
2021-12-09 18:24:46.786,117
2021-12-09 18:24:47.786,115
2021-12-09 18:24:48.786,113
2021-12-09 18:24:49.786,111
2021-12-09 18:24:50.786,111
2021-12-09 18:24:51.786,113
2021-12-09 18:24:52.786,114
2021-12-09 18:24:53.786,114
2021-12-09 18:24:54.786,114
2021-12-09 18:24:55.786,113
2021-12-09 18:24:56.786,113
2021-12-09 18:24:57.786,113
2021-12-09 18:24:58.786,115
2021-12-09 18:24:59.786,116
2021-12-09 18:25:00.786,117
2021-12-09 18:25:01.786,116
2021-12-09 18:25:02.786,116
2021-12-09 18:25:03.786,116
2021-12-09 18:25:04.786,115
2021-12-09 18:25:05.786,115
2021-12-09 18:25:06.786,115
2021-12-09 18:25:07.786,115
2021-12-09 18:25:08.786,115
2021-12-09 18:25:09.786,114
2021-12-09 18:25:10.786,114
2021-12-09 18:25:11.786,113
2021-12-09 18:25:12.786,113
2021-12-09 18:25:13.786,112
2021-12-09 18:25:14.786,111
2021-12-09 18:25:15.786,111
2021-12-09 18:25:16.786,112
2021-12-09 18:25:17.786,114
2021-12-09 18:25:18.786,115
2021-12-09 18:25:19.786,115
2021-12-09 18:25:20.786,116
2021-12-09 18:25:21.786,116
2021-12-09 18:25:22.786,116
2021-12-09 18:25:23.786,117
2021-12-09 18:25:24.786,117
2021-12-09 18:25:25.786,116
2021-12-09 18:25:26.786,116
2021-12-09 18:25:27.786,116
2021-12-09 18:25:28.786,117
2021-12-09 18:25:29.786,118
2021-12-09 18:25:30.786,118
2021-12-09 18:25:31.786,119
2021-12-09 18:25:32.786,119
2021-12-09 18:25:33.786,119
2021-12-09 18:25:34.786,119
2021-12-09 18:25:35.786,118
2021-12-09 18:25:36.786,118
2021-12-09 18:25:37.786,118
2021-12-09 18:25:38.786,118
2021-12-09 18:25:39.786,118
2021-12-09 18:25:40.786,117
2021-12-09 18:25:41.786,117
2021-12-09 18:25:42.786,117
2021-12-09 18:25:43.786,117
2021-12-09 18:25:44.786,118
2021-12-09 18:25:45.786,119
2021-12-09 18:25:46.786,120
2021-12-09 18:25:47.786,121
2021-12-09 18:25:48.786,122
2021-12-09 18:25:49.786,122
2021-12-09 18:25:50.786,123
2021-12-09 18:25:51.786,124
2021-12-09 18:25:52.786,124
2021-12-09 18:25:53.786,125
2021-12-09 18:25:54.786,125
2021-12-09 18:25:55.786,126
2021-12-09 18:25:56.786,126
2021-12-09 18:25:57.786,126
2021-12-09 18:25:58.786,127
2021-12-09 18:25:59.786,129
2021-12-09 18:26:00.786,130
2021-12-09 18:26:01.786,130
2021-12-09 18:26:02.786,131
2021-12-09 18:26:03.786,131
2021-12-09 18:26:04.786,130
2021-12-09 18:26:05.786,129
2021-12-09 18:26:06.786,129
2021-12-09 18:26:07.786,128
2021-12-09 18:26:08.786,128
2021-12-09 18:26:09.786,129
2021-12-09 18:26:10.786,128
2021-12-09 18:26:11.786,128
2021-12-09 18:26:12.786,128
2021-12-09 18:26:13.786,128
2021-12-09 18:26:14.786,128
2021-12-09 18:26:15.786,128
2021-12-09 18:26:16.786,128
2021-12-09 18:26:17.786,128
2021-12-09 18:26:18.786,128
2021-12-09 18:26:19.786,129
2021-12-09 18:26:20.786,129
2021-12-09 18:26:21.786,128
2021-12-09 18:26:22.786,128
2021-12-09 18:26:23.786,128
2021-12-09 18:26:24.786,129
2021-12-09 18:26:25.786,129
2021-12-09 18:26:26.786,129
2021-12-09 18:26:27.786,130
2021-12-09 18:26:28.786,131
2021-12-09 18:26:29.786,131
2021-12-09 18:26:30.786,131
2021-12-09 18:26:31.786,131
2021-12-09 18:26:32.786,131
2021-12-09 18:26:33.786,130
2021-12-09 18:26:34.786,130
2021-12-09 18:26:35.786,129
2021-12-09 18:26:36.786,129
2021-12-09 18:26:37.786,129
2021-12-09 18:26:38.786,128
2021-12-09 18:26:39.786,128
2021-12-09 18:26:40.786,128
2021-12-09 18:26:41.786,128
2021-12-09 18:26:42.786,128
2021-12-09 18:26:43.786,129
2021-12-09 18:26:44.786,130
2021-12-09 18:26:45.786,130
2021-12-09 18:26:46.786,131
2021-12-09 18:26:47.786,131
2021-12-09 18:26:48.786,131
2021-12-09 18:26:49.786,131
2021-12-09 18:26:50.786,130
2021-12-09 18:26:51.786,129
2021-12-09 18:26:52.786,129
2021-12-09 18:26:53.786,128
2021-12-09 18:26:54.786,128
2021-12-09 18:26:55.786,127
2021-12-09 18:26:56.786,127
2021-12-09 18:26:57.786,127
2021-12-09 18:26:58.786,127
2021-12-09 18:26:59.786,128
2021-12-09 18:27:00.786,130
2021-12-09 18:27:01.786,131
2021-12-09 18:27:02.786,131
2021-12-09 18:27:03.786,131
2021-12-09 18:27:04.786,131
2021-12-09 18:27:05.786,131
2021-12-09 18:27:06.786,131
2021-12-09 18:27:07.786,131
2021-12-09 18:27:08.786,131
2021-12-09 18:27:09.786,132
2021-12-09 18:27:10.786,132
2021-12-09 18:27:11.786,132
2021-12-09 18:27:12.786,132
2021-12-09 18:27:13.786,132
2021-12-09 18:27:14.786,132
2021-12-09 18:27:15.786,132
2021-12-09 18:27:16.786,132
2021-12-09 18:27:17.786,133
2021-12-09 18:27:18.786,133
2021-12-09 18:27:19.786,132
2021-12-09 18:27:20.786,131
2021-12-09 18:27:21.786,130
2021-12-09 18:27:22.786,130
2021-12-09 18:27:23.786,130
2021-12-09 18:27:24.786,129
2021-12-09 18:27:25.786,129
2021-12-09 18:27:26.786,129
2021-12-09 18:27:27.786,129
2021-12-09 18:27:28.786,129
2021-12-09 18:27:29.786,131
2021-12-09 18:27:30.786,132
2021-12-09 18:27:31.786,133
2021-12-09 18:27:32.786,132
2021-12-09 18:27:33.786,133
2021-12-09 18:27:34.786,134
2021-12-09 18:27:35.786,133
2021-12-09 18:27:36.786,133
2021-12-09 18:27:37.786,132
2021-12-09 18:27:38.786,132
2021-12-09 18:27:39.786,131
2021-12-09 18:27:40.786,131
2021-12-09 18:27:41.786,130
2021-12-09 18:27:42.786,130
2021-12-09 18:27:43.786,130
2021-12-09 18:27:44.786,130
2021-12-09 18:27:45.786,130
2021-12-09 18:27:46.786,130
2021-12-09 18:27:47.786,130
2021-12-09 18:27:48.786,130
2021-12-09 18:27:49.786,130
2021-12-09 18:27:50.786,130
2021-12-09 18:27:51.786,131
2021-12-09 18:27:52.786,130
2021-12-09 18:27:53.786,131
2021-12-09 18:27:54.786,131
2021-12-09 18:27:55.786,131
2021-12-09 18:27:56.786,131
2021-12-09 18:27:57.786,132
2021-12-09 18:27:58.786,133
2021-12-09 18:27:59.786,133
2021-12-09 18:28:00.786,133
2021-12-09 18:28:01.786,132
2021-12-09 18:28:02.786,132
2021-12-09 18:28:03.786,131
2021-12-09 18:28:04.786,131
2021-12-09 18:28:05.786,130
2021-12-09 18:28:06.786,130
2021-12-09 18:28:07.786,130
2021-12-09 18:28:08.786,130
2021-12-09 18:28:09.786,130
2021-12-09 18:28:10.786,129
2021-12-09 18:28:11.786,129
2021-12-09 18:28:12.786,128
2021-12-09 18:28:13.786,128
2021-12-09 18:28:14.786,127
2021-12-09 18:28:15.786,128
2021-12-09 18:28:16.786,127
2021-12-09 18:28:17.786,127
2021-12-09 18:28:18.786,128
2021-12-09 18:28:19.786,128
2021-12-09 18:28:20.786,128
2021-12-09 18:28:21.786,129
2021-12-09 18:28:22.786,130
2021-12-09 18:28:23.786,130
2021-12-09 18:28:24.786,131
2021-12-09 18:28:25.786,131
2021-12-09 18:28:26.786,131
2021-12-09 18:28:27.786,131
2021-12-09 18:28:28.786,132
2021-12-09 18:28:29.786,133
2021-12-09 18:28:30.786,132
2021-12-09 18:28:31.786,132
2021-12-09 18:28:32.786,132
2021-12-09 18:28:33.786,131
2021-12-09 18:28:34.786,130
2021-12-09 18:28:35.786,130
2021-12-09 18:28:36.786,130
2021-12-09 18:28:37.786,130
2021-12-09 18:28:38.786,130
2021-12-09 18:28:39.786,131
2021-12-09 18:28:40.786,131
2021-12-09 18:28:41.786,131
2021-12-09 18:28:42.786,130
2021-12-09 18:28:43.786,131
2021-12-09 18:28:44.786,131
