com.samsung.health.heart_rate,114800910,modify_sh_ver,pkg_name,heart_beat_count,time_offset,binning_data,client_data_ver,heart_rate,comment,max,start_time,deviceuuid,custom,client_data_id,end_time,datauuid,create_time,create_sh_ver,update_time,min
,com.sec.android.app.shealth,1,-14400000,f98eca34-7557-b5f4-a424-1d25663063b1.binning_data,,58.000000,,62.000000,"04/26/2024, 10:00:00 AM",xtfbSOmziO,,,"04/26/2024, 10:59:59 AM",f98eca34-7557-b5f4-a424-1d25663063b1,"04/27/2024, 9:03:04 PM",,"04/27/2024, 9:03:04 PM",56.000000,
,com.sec.android.app.shealth,1,-14400000,,,64.000000,,0.000000,"04/26/2024, 10:13:28 AM",xtfbSOmziO,,,"04/26/2024, 10:13:28 AM",1ac75257-7b80-1953-f426-c8b85bac6944,"04/26/2024, 10:14:09 AM",,"04/26/2024, 10:14:09 AM",0.000000,
,com.sec.android.app.shealth,1,-14400000,,,61.000000,,0.000000,"04/26/2024, 10:18:27 AM",xtfbSOmziO,,,"04/26/2024, 10:18:27 AM",c4bd51ab-a6ee-782f-a37f-5a202241803c,"04/26/2024, 10:18:28 AM",,"04/26/2024, 10:18:28 AM",0.000000,
,com.sec.android.app.shealth,1,-14400000,,,69.000000,,0.000000,"04/26/2024, 12:50:51 PM",xtfbSOmziO,,,"04/26/2024, 12:50:51 PM",3b21949b-daf0-2402-557e-e394852e006c,"04/26/2024, 12:54:59 PM",,"04/26/2024, 12:54:59 PM",0.000000,
,com.sec.android.app.shealth,1,-14400000,,,66.000000,,0.000000,"04/26/2024, 3:50:52 PM",xtfbSOmziO,,,"04/26/2024, 3:50:52 PM",bf2a3f5f-f758-0e91-49ff-53b57aa82cdc,"04/26/2024, 3:51:51 PM",,"04/26/2024, 3:51:51 PM",0.000000,
,com.sec.android.app.shealth,1,-14400000,,,68.000000,,0.000000,"04/26/2024, 4:20:29 PM",xtfbSOmziO,,,"04/26/2024, 4:20:29 PM",cb842aa7-023f-12c0-0411-4d5b5fc6e0f7,"04/26/2024, 4:24:58 PM",,"04/26/2024, 4:24:58 PM",0.000000,
,com.sec.android.app.shealth,1,-14400000,,,58.000000,,0.000000,"04/26/2024, 6:40:29 PM",xtfbSOmziO,,,"04/26/2024, 6:40:29 PM",eb0158a8-a07f-f0fd-ae3b-87a104ec5fc4,"04/26/2024, 6:45:39 PM",,"04/26/2024, 6:45:39 PM",0.000000,
,com.sec.android.app.shealth,1,-14400000,,,60.000000,,0.000000,"04/27/2024, 3:50:54 AM",xtfbSOmziO,,,"04/27/2024, 3:50:54 AM",3fe995c1-d655-d061-92f3-e83bb69a8c96,"04/27/2024, 3:51:07 AM",,"04/27/2024, 3:51:07 AM",0.000000,
,com.sec.android.app.shealth,1,-14400000,,,72.000000,,0.000000,"04/27/2024, 4:13:11 AM",xtfbSOmziO,,,"04/27/2024, 4:13:11 AM",546c5311-9d49-55f4-b1d5-035228d58be3,"04/27/2024, 4:13:13 AM",,"04/27/2024, 4:13:13 AM",0.000000,
,com.sec.android.app.shealth,1,-14400000,,,69.000000,,0.000000,"04/27/2024, 4:50:40 AM",xtfbSOmziO,,,"04/27/2024, 4:50:40 AM",5f8e6e68-b397-c135-8b6d-9cd47356c7f5,"04/27/2024, 4:55:01 AM",,"04/27/2024, 4:55:01 AM",0.000000,
,com.sec.android.app.shealth,1,-14400000,,,79.000000,,0.000000,"04/27/2024, 6:50:31 AM",xtfbSOmziO,,,"04/27/2024, 6:50:31 AM",069a6fc1-fed6-392b-4109-3d670d543b9a,"04/27/2024, 6:53:27 AM",,"04/27/2024, 6:53:27 AM",0.000000,
,com.sec.android.app.shealth,1,-14400000,,,89.000000,,0.000000,"04/27/2024, 8:50:29 AM",xtfbSOmziO,,,"04/27/2024, 8:50:29 AM",ec6401e0-91f8-3aa2-0eff-cc7526bdbb09,"04/27/2024, 8:53:01 AM",,"04/27/2024, 8:53:01 AM",0.000000,
,com.sec.android.app.shealth,1,-14400000,,,104.000000,,0.000000,"04/27/2024, 10:11:45 AM",xtfbSOmziO,,,"04/27/2024, 10:11:45 AM",f820b64f-9c44-1c44-0a54-0308bf339921,"04/27/2024, 10:13:28 AM",,"04/27/2024, 10:13:28 AM",0.000000,
,com.sec.android.app.shealth,1,-14400000,,,83.000000,,0.000000,"04/27/2024, 4:20:29 PM",xtfbSOmziO,,,"04/27/2024, 4:20:29 PM",99bbc78a-3bd4-d070-d14d-a6aaba447407,"04/27/2024, 4:23:33 PM",,"04/27/2024, 4:23:33 PM",0.000000,
,com.sec.android.app.shealth,1,-14400000,,,85.000000,,0.000000,"04/27/2024, 6:21:08 PM",xtfbSOmziO,,,"04/27/2024, 6:21:08 PM",87590b3b-69a9-688e-ab90-b7faa6be003b,"04/27/2024, 6:21:49 PM",,"04/27/2024, 6:21:49 PM",0.000000,
,com.sec.android.app.shealth,1,-14400000,,,85.000000,,0.000000,"04/27/2024, 8:00:37 PM",xtfbSOmziO,,,"04/27/2024, 8:00:37 PM",81881e63-01d8-1cdb-24b4-5156aca4f60e,"04/27/2024, 8:10:58 PM",,"04/27/2024, 8:10:58 PM",0.000000,
,com.sec.android.app.shealth,1,-14400000,,,55.000000,,0.000000,"04/28/2024, 11:30:34 AM",xtfbSOmziO,,,"04/28/2024, 11:30:34 AM",e360161f-0bb4-aab0-8f90-a3f63e87345f,"04/28/2024, 11:35:00 AM",,"04/28/2024, 11:35:00 AM",0.000000,
,com.sec.android.app.shealth,1,-14400000,,,51.000000,,0.000000,"04/29/2024, 11:51:21 AM",xtfbSOmziO,,,"04/29/2024, 11:51:21 AM",d24df2b2-cdcc-55c1-7435-6864fdac0d5d,"04/29/2024, 11:51:21 AM",,"04/29/2024, 11:51:21 AM",0.000000,
,com.sec.android.app.shealth,1,-14400000,,,67.000000,,0.000000,"04/29/2024, 1:51:02 PM",xtfbSOmziO,,,"04/29/2024, 1:51:02 PM",32fa4872-2851-7a02-abf4-5430377a15ac,"04/29/2024, 1:52:57 PM",,"04/29/2024, 1:52:57 PM",0.000000,
,com.sec.android.app.shealth,1,-14400000,,,72.000000,,0.000000,"04/29/2024, 2:51:01 PM",xtfbSOmziO,,,"04/29/2024, 2:51:01 PM",06df3061-2152-c726-09ee-a90ed66f1133,"04/29/2024, 2:51:26 PM",,"04/29/2024, 2:51:26 PM",0.000000,
,com.sec.android.app.shealth,1,-14400000,,,68.000000,,0.000000,"04/29/2024, 4:20:29 PM",xtfbSOmziO,,,"04/29/2024, 4:20:29 PM",40708430-cd01-9dc5-e31a-9dd87bb88238,"04/29/2024, 4:23:05 PM",,"04/29/2024, 4:23:05 PM",0.000000,
,com.sec.android.app.shealth,1,-14400000,,,59.000000,,0.000000,"04/30/2024, 2:40:29 AM",xtfbSOmziO,,,"04/30/2024, 2:40:29 AM",cd6644f8-e4dd-aeec-0eb7-fc0ae74d9a30,"04/30/2024, 2:40:54 AM",,"04/30/2024, 2:40:54 AM",0.000000,
,com.sec.android.app.shealth,1,-14400000,,,49.000000,,0.000000,"04/30/2024, 4:30:29 AM",xtfbSOmziO,,,"04/30/2024, 4:30:29 AM",837e1159-70c5-9b99-58e1-4e80e34ac4ff,"04/30/2024, 4:34:55 AM",,"04/30/2024, 4:34:55 AM",0.000000,
,com.sec.android.app.shealth,1,-14400000,,,60.000000,,0.000000,"04/30/2024, 5:00:29 AM",xtfbSOmziO,,,"04/30/2024, 5:00:29 AM",1ccb7871-6669-e71b-f13f-ec92f23fce48,"04/30/2024, 5:01:18 AM",,"04/30/2024, 5:01:18 AM",0.000000,
,com.sec.android.app.shealth,1,-14400000,,,62.000000,,0.000000,"04/30/2024, 7:30:29 AM",xtfbSOmziO,,,"04/30/2024, 7:30:29 AM",f6a65e7a-42a5-4b88-9829-d53a6cbf0741,"04/30/2024, 7:34:03 AM",,"04/30/2024, 7:34:03 AM",0.000000,
,com.sec.android.app.shealth,1,-14400000,,,57.000000,,0.000000,"04/30/2024, 12:51:00 PM",xtfbSOmziO,,,"04/30/2024, 12:51:00 PM",d415d79b-f740-39a1-2468-a0c03f3eb5aa,"04/30/2024, 12:51:01 PM",,"04/30/2024, 12:51:01 PM",0.000000,
,com.sec.android.app.shealth,1,-14400000,,,97.000000,,0.000000,"04/30/2024, 1:42:46 PM",xtfbSOmziO,,,"04/30/2024, 1:42:46 PM",d16052cd-b81f-bdbd-40f2-6afdfcc6065a,"04/30/2024, 1:43:29 PM",,"04/30/2024, 1:43:29 PM",0.000000,
,com.sec.android.app.shealth,1,-14400000,,,60.000000,,0.000000,"05/01/2024, 2:50:29 AM",xtfbSOmziO,,,"05/01/2024, 2:50:29 AM",187d691e-4baa-39bd-c482-c07305a34a12,"05/01/2024, 2:52:17 AM",,"05/01/2024, 2:52:17 AM",0.000000,
,com.sec.android.app.shealth,1,-14400000,,,63.000000,,0.000000,"05/01/2024, 3:30:56 AM",xtfbSOmziO,,,"05/01/2024, 3:30:56 AM",31c22e2a-31da-f46f-a2fd-e674c7db549a,"05/01/2024, 3:31:14 AM",,"05/01/2024, 3:31:14 AM",0.000000,
,com.sec.android.app.shealth,1,-14400000,,,69.000000,,0.000000,"05/01/2024, 7:40:29 AM",xtfbSOmziO,,,"05/01/2024, 7:40:29 AM",2da188af-cfe8-c327-ba50-b1bfd34ed932,"05/01/2024, 7:41:34 AM",,"05/01/2024, 7:41:34 AM",0.000000,
,com.sec.android.app.shealth,1,-14400000,,,62.000000,,0.000000,"05/01/2024, 8:31:18 AM",xtfbSOmziO,,,"05/01/2024, 8:31:18 AM",38f7749e-ea15-b7d2-7fbd-235e7e0a30be,"05/01/2024, 8:35:01 AM",,"05/01/2024, 8:35:01 AM",0.000000,
,com.sec.android.app.shealth,1,-14400000,,,62.000000,,0.000000,"05/01/2024, 2:41:47 PM",xtfbSOmziO,,,"05/01/2024, 2:41:47 PM",47289a93-e6c9-19ad-8709-0309da91cc1c,"05/01/2024, 2:42:15 PM",,"05/01/2024, 2:42:15 PM",0.000000,
,com.sec.android.app.shealth,1,-14400000,,,64.000000,,0.000000,"05/02/2024, 2:30:58 AM",xtfbSOmziO,,,"05/02/2024, 2:30:58 AM",4064ddb3-721f-f727-5586-32e1bf5b86ea,"05/02/2024, 2:35:01 AM",,"05/02/2024, 2:35:01 AM",0.000000,
,com.sec.android.app.shealth,1,-14400000,,,75.000000,,0.000000,"05/02/2024, 3:51:14 AM",xtfbSOmziO,,,"05/02/2024, 3:51:14 AM",ef882ab6-6f15-3699-605f-2cf26fd1baf7,"05/02/2024, 3:51:22 AM",,"05/02/2024, 3:51:22 AM",0.000000,
,com.sec.android.app.shealth,1,-14400000,,,69.000000,,0.000000,"05/02/2024, 4:00:53 AM",xtfbSOmziO,,,"05/02/2024, 4:00:53 AM",fb8a2d72-a71c-e4f3-f44b-6ae77f1957ea,"05/02/2024, 4:03:14 AM",,"05/02/2024, 4:03:14 AM",0.000000,
,com.sec.android.app.shealth,1,-14400000,,,80.000000,,0.000000,"05/02/2024, 11:20:29 AM",xtfbSOmziO,,,"05/02/2024, 11:20:29 AM",85cc7b18-5cd2-4c2b-93d8-c9d502e4c3c5,"05/02/2024, 11:27:54 AM",,"05/02/2024, 11:27:54 AM",0.000000,
,com.sec.android.app.shealth,1,-14400000,,,62.000000,,0.000000,"05/02/2024, 12:20:49 PM",xtfbSOmziO,,,"05/02/2024, 12:20:49 PM",661df9bd-254e-ce4f-775f-36dfa71e1ebb,"05/02/2024, 12:21:03 PM",,"05/02/2024, 12:21:03 PM",0.000000,
,com.sec.android.app.shealth,1,-14400000,,,68.000000,,0.000000,"05/02/2024, 1:11:00 PM",xtfbSOmziO,,,"05/02/2024, 1:11:00 PM",e7bf2895-c184-e3a0-f250-67dbda15a6a2,"05/02/2024, 1:11:09 PM",,"05/02/2024, 1:11:09 PM",0.000000,
,com.sec.android.app.shealth,1,-14400000,,,77.000000,,0.000000,"05/02/2024, 2:10:42 PM",xtfbSOmziO,,,"05/02/2024, 2:10:42 PM",6377e8a4-80fd-8066-66f4-9330321e8570,"05/02/2024, 2:13:37 PM",,"05/02/2024, 2:13:37 PM",0.000000,
,com.sec.android.app.shealth,1,-14400000,,,54.000000,,0.000000,"05/03/2024, 2:40:33 AM",xtfbSOmziO,,,"05/03/2024, 2:40:33 AM",404d9db9-6e37-0b1d-bceb-b5d72e9bdf4d,"05/03/2024, 2:42:34 AM",,"05/03/2024, 2:42:34 AM",0.000000,
,com.sec.android.app.shealth,1,-14400000,,,54.000000,,0.000000,"05/03/2024, 4:40:29 AM",xtfbSOmziO,,,"05/03/2024, 4:40:29 AM",f6237d11-d926-c9ac-ed61-50d71ee45e2d,"05/03/2024, 4:48:58 AM",,"05/03/2024, 4:48:58 AM",0.000000,
,com.sec.android.app.shealth,1,-14400000,,,56.000000,,0.000000,"05/03/2024, 5:50:29 AM",xtfbSOmziO,,,"05/03/2024, 5:50:29 AM",a1cd1158-658d-05dd-f827-fa5ebf66987f,"05/03/2024, 5:55:01 AM",,"05/03/2024, 5:55:01 AM",0.000000,
,com.sec.android.app.shealth,1,-14400000,,,117.000000,,0.000000,"05/03/2024, 6:12:17 AM",xtfbSOmziO,,,"05/03/2024, 6:12:17 AM",c1e39a28-768b-83f4-e2e1-a91f4d4ad427,"05/03/2024, 6:12:27 AM",,"05/03/2024, 6:12:27 AM",0.000000,
,com.sec.android.app.shealth,1,-14400000,,,96.000000,,0.000000,"05/03/2024, 7:11:36 AM",xtfbSOmziO,,,"05/03/2024, 7:11:36 AM",2acb6df6-4530-5072-37ed-74b99dc05164,"05/03/2024, 7:12:05 AM",,"05/03/2024, 7:12:05 AM",0.000000,
,com.sec.android.app.shealth,1,-14400000,,,75.000000,,0.000000,"05/04/2024, 4:50:53 AM",xtfbSOmziO,,,"05/04/2024, 4:50:53 AM",6a34384d-ab71-4872-f4b4-d5c91f798b6d,"05/04/2024, 4:55:00 AM",,"05/04/2024, 4:55:00 AM",0.000000,
,com.sec.android.app.shealth,1,-14400000,,,77.000000,,0.000000,"05/04/2024, 6:01:29 AM",xtfbSOmziO,,,"05/04/2024, 6:01:29 AM",4cb16bf7-e9d1-9d7b-ac86-40306bfa9846,"05/04/2024, 6:03:10 AM",,"05/04/2024, 6:03:10 AM",0.000000,
,com.sec.android.app.shealth,1,-14400000,,,85.000000,,0.000000,"05/04/2024, 11:00:32 AM",xtfbSOmziO,,,"05/04/2024, 11:00:32 AM",a17ab149-5c76-2455-2578-06612c4e174c,"05/04/2024, 11:03:38 AM",,"05/04/2024, 11:03:38 AM",0.000000,
,com.sec.android.app.shealth,1,-14400000,,,92.000000,,0.000000,"05/04/2024, 1:50:33 PM",xtfbSOmziO,,,"05/04/2024, 1:50:33 PM",26b8a746-21bd-8665-fb42-57e1930a0130,"05/04/2024, 1:51:09 PM",,"05/04/2024, 1:51:09 PM",0.000000,
,com.sec.android.app.shealth,1,-14400000,,,106.000000,,0.000000,"05/04/2024, 2:01:47 PM",xtfbSOmziO,,,"05/04/2024, 2:01:47 PM",392685c5-7271-e8f1-6219-77df86f9e667,"05/04/2024, 2:02:21 PM",,"05/04/2024, 2:02:21 PM",0.000000,
,com.sec.android.app.shealth,1,-14400000,,,81.000000,,0.000000,"05/04/2024, 3:10:49 PM",xtfbSOmziO,,,"05/04/2024, 3:10:49 PM",5ea93522-2a68-d283-77ee-bef7490876d1,"05/04/2024, 3:13:02 PM",,"05/04/2024, 3:13:02 PM",0.000000,
,com.sec.android.app.shealth,1,-14400000,,,88.000000,,0.000000,"05/04/2024, 5:50:29 PM",xtfbSOmziO,,,"05/04/2024, 5:50:29 PM",26694c89-4683-b433-969a-eb0515f61fe3,"05/04/2024, 5:53:17 PM",,"05/04/2024, 5:53:17 PM",0.000000,
,com.sec.android.app.shealth,1,-14400000,,,73.000000,,0.000000,"05/04/2024, 6:51:17 PM",xtfbSOmziO,,,"05/04/2024, 6:51:17 PM",61fe1d47-34b8-209f-9b3a-97a865e46ccb,"05/04/2024, 6:54:15 PM",,"05/04/2024, 6:54:15 PM",0.000000,
,com.sec.android.app.shealth,1,-14400000,,,61.000000,,0.000000,"05/04/2024, 7:40:29 PM",xtfbSOmziO,,,"05/04/2024, 7:40:29 PM",1149ebd0-ad57-c613-6c8e-986999e186bc,"05/04/2024, 7:55:01 PM",,"05/04/2024, 7:55:01 PM",0.000000,
,com.sec.android.app.shealth,1,-14400000,,,55.000000,,0.000000,"05/04/2024, 8:10:59 PM",xtfbSOmziO,,,"05/04/2024, 8:10:59 PM",da73ca5b-6a39-de55-363a-728438e119c7,"05/04/2024, 8:15:01 PM",,"05/04/2024, 8:15:01 PM",0.000000,
,com.sec.android.app.shealth,1,-14400000,,,78.000000,,0.000000,"05/05/2024, 6:12:31 AM",xtfbSOmziO,,,"05/05/2024, 6:12:31 AM",9ba2a3a4-2150-64d1-a274-40360f568a3b,"05/05/2024, 6:12:47 AM",,"05/05/2024, 6:12:47 AM",0.000000,
,com.sec.android.app.shealth,1,-14400000,,,62.000000,,0.000000,"05/05/2024, 8:30:29 AM",xtfbSOmziO,,,"05/05/2024, 8:30:29 AM",f0e1a92b-9a25-80a6-2a67-4b9012537f19,"05/05/2024, 8:30:56 AM",,"05/05/2024, 8:30:56 AM",0.000000,
,com.sec.android.app.shealth,1,-14400000,,,79.000000,,0.000000,"05/05/2024, 2:20:29 PM",xtfbSOmziO,,,"05/05/2024, 2:20:29 PM",2542ea0b-ab49-9aa4-7fe9-1658fddfb059,"05/05/2024, 2:21:10 PM",,"05/05/2024, 2:21:10 PM",0.000000,
,com.sec.android.app.shealth,1,-14400000,,,72.000000,,0.000000,"05/06/2024, 2:50:29 AM",xtfbSOmziO,,,"05/06/2024, 2:50:29 AM",2693d3cf-5504-3678-3c23-be34471e088c,"05/06/2024, 2:53:49 AM",,"05/06/2024, 2:53:49 AM",0.000000,
,com.sec.android.app.shealth,1,-14400000,,,68.000000,,0.000000,"05/06/2024, 4:40:29 AM",xtfbSOmziO,,,"05/06/2024, 4:40:29 AM",8366f24f-dc95-1525-6b2f-3157ac7e3648,"05/06/2024, 4:42:52 AM",,"05/06/2024, 4:42:52 AM",0.000000,
,com.sec.android.app.shealth,1,-14400000,,,62.000000,,0.000000,"05/06/2024, 6:51:08 AM",xtfbSOmziO,,,"05/06/2024, 6:51:08 AM",a37497d2-4bca-44ab-e977-974375789829,"05/06/2024, 6:52:17 AM",,"05/06/2024, 6:52:17 AM",0.000000,
,com.sec.android.app.shealth,1,-14400000,,,58.000000,,0.000000,"05/07/2024, 2:40:30 AM",xtfbSOmziO,,,"05/07/2024, 2:40:30 AM",c9799e5f-51f7-725b-32e5-2228919e74d1,"05/07/2024, 2:41:04 AM",,"05/07/2024, 2:41:04 AM",0.000000,
,com.sec.android.app.shealth,1,-14400000,,,69.000000,,0.000000,"05/07/2024, 3:20:57 AM",xtfbSOmziO,,,"05/07/2024, 3:20:57 AM",852e03f3-d419-d24a-1278-e21dd65b4433,"05/07/2024, 3:21:34 AM",,"05/07/2024, 3:21:34 AM",0.000000,
,com.sec.android.app.shealth,1,-14400000,,,85.000000,,0.000000,"05/07/2024, 4:32:20 AM",xtfbSOmziO,,,"05/07/2024, 4:32:20 AM",7eb7049e-3b8f-e5c3-a205-ed84609f58f2,"05/07/2024, 4:33:15 AM",,"05/07/2024, 4:33:15 AM",0.000000,
,com.sec.android.app.shealth,1,-14400000,,,55.000000,,0.000000,"05/07/2024, 5:31:21 AM",xtfbSOmziO,,,"05/07/2024, 5:31:21 AM",5d22fdbd-a798-6291-e3b0-20f6c890d824,"05/07/2024, 5:33:27 AM",,"05/07/2024, 5:33:27 AM",0.000000,
,com.sec.android.app.shealth,1,-14400000,,,62.000000,,0.000000,"05/07/2024, 7:52:30 AM",xtfbSOmziO,,,"05/07/2024, 7:52:30 AM",041efc8d-c836-5308-3bc6-9f27dd8a6d51,"05/07/2024, 7:52:50 AM",,"05/07/2024, 7:52:50 AM",0.000000,
,com.sec.android.app.shealth,1,-14400000,,,56.000000,,0.000000,"05/07/2024, 8:10:29 AM",xtfbSOmziO,,,"05/07/2024, 8:10:29 AM",6ae1d589-ee25-53ec-75a3-3168f7fa3ed6,"05/07/2024, 8:15:01 AM",,"05/07/2024, 8:15:01 AM",0.000000,
,com.sec.android.app.shealth,1,-14400000,,,61.000000,,0.000000,"05/07/2024, 9:21:00 AM",xtfbSOmziO,,,"05/07/2024, 9:21:00 AM",0c884248-deb8-db82-0a86-e38c211a8e58,"05/07/2024, 9:21:04 AM",,"05/07/2024, 9:21:04 AM",0.000000,
,com.sec.android.app.shealth,1,-14400000,,,65.000000,,0.000000,"05/07/2024, 10:00:29 AM",xtfbSOmziO,,,"05/07/2024, 10:00:29 AM",f8c5239a-3d58-635a-db65-2878cff28532,"05/07/2024, 10:00:55 AM",,"05/07/2024, 10:00:55 AM",0.000000,
,com.sec.android.app.shealth,1,-14400000,,,71.000000,,0.000000,"05/07/2024, 3:00:54 PM",xtfbSOmziO,,,"05/07/2024, 3:00:54 PM",f974ca75-1aec-aa45-d229-2da424b9ecd7,"05/07/2024, 3:01:19 PM",,"05/07/2024, 3:01:19 PM",0.000000,
,com.sec.android.app.shealth,1,-14400000,,,68.000000,,0.000000,"05/09/2024, 10:41:05 AM",xtfbSOmziO,,,"05/09/2024, 10:41:05 AM",0eb931cf-7624-f13c-5a77-cd9a7b169b5a,"05/09/2024, 10:41:07 AM",,"05/09/2024, 10:41:07 AM",0.000000,
,com.sec.android.app.shealth,1,-14400000,,,59.000000,,0.000000,"05/09/2024, 12:43:17 PM",xtfbSOmziO,,,"05/09/2024, 12:43:17 PM",1f990dff-51df-4820-1851-795acb745c6a,"05/09/2024, 12:46:37 PM",,"05/09/2024, 12:46:37 PM",0.000000,
,com.sec.android.app.shealth,1,-14400000,,,74.000000,,0.000000,"05/09/2024, 1:53:13 PM",xtfbSOmziO,,,"05/09/2024, 1:53:13 PM",0ca2059c-381a-f519-905d-6a6ed68baafe,"05/09/2024, 1:55:00 PM",,"05/09/2024, 1:55:00 PM",0.000000,
,com.sec.android.app.shealth,1,-14400000,,,54.000000,,0.000000,"05/10/2024, 2:30:29 AM",xtfbSOmziO,,,"05/10/2024, 2:30:29 AM",be39b075-f4f1-12c7-9c8f-11d31ab45d4e,"05/10/2024, 2:33:58 AM",,"05/10/2024, 2:33:58 AM",0.000000,
,com.sec.android.app.shealth,1,-14400000,,,74.000000,,0.000000,"05/10/2024, 8:50:51 AM",xtfbSOmziO,,,"05/10/2024, 8:50:51 AM",7e00c829-e37e-61ea-f774-8fbcc8f0fca3,"05/10/2024, 8:54:42 AM",,"05/10/2024, 8:54:42 AM",0.000000,
,com.sec.android.app.shealth,1,-14400000,,,58.000000,,0.000000,"05/10/2024, 9:10:29 AM",xtfbSOmziO,,,"05/10/2024, 9:10:29 AM",8db33fdd-e59d-58a1-88cf-a2dc9935a477,"05/10/2024, 9:11:50 AM",,"05/10/2024, 9:11:50 AM",0.000000,
,com.sec.android.app.shealth,1,-14400000,,,66.000000,,0.000000,"05/16/2024, 10:11:39 AM",xtfbSOmziO,,,"05/16/2024, 10:11:39 AM",826bce75-df0a-161a-d06e-8979217e826c,"05/16/2024, 10:15:00 AM",,"05/16/2024, 10:15:00 AM",0.000000,
,com.sec.android.app.shealth,1,-14400000,,,75.000000,,0.000000,"05/16/2024, 11:10:29 AM",xtfbSOmziO,,,"05/16/2024, 11:10:29 AM",bc85ff01-bbf4-890b-8113-75b86f5d6667,"05/16/2024, 11:13:51 AM",,"05/16/2024, 11:13:51 AM",0.000000,
,com.sec.android.app.shealth,1,-14400000,,,86.000000,,0.000000,"05/16/2024, 4:40:54 PM",xtfbSOmziO,,,"05/16/2024, 4:40:54 PM",8f7b9cb3-3fb7-d275-54d5-e7eecae03965,"05/16/2024, 4:41:21 PM",,"05/16/2024, 4:41:21 PM",0.000000,
,com.sec.android.app.shealth,1,-14400000,,,82.000000,,0.000000,"05/16/2024, 5:00:29 PM",xtfbSOmziO,,,"05/16/2024, 5:00:29 PM",869abbe8-31cb-74ab-2bab-35997d5632f5,"05/16/2024, 5:07:16 PM",,"05/16/2024, 5:07:16 PM",0.000000,
,com.sec.android.app.shealth,1,-14400000,,,50.000000,,0.000000,"05/17/2024, 2:22:22 AM",xtfbSOmziO,,,"05/17/2024, 2:22:22 AM",d5ba4edb-1874-83c0-fc49-693a8e2c7d78,"05/17/2024, 2:23:15 AM",,"05/17/2024, 2:23:15 AM",0.000000,
,com.sec.android.app.shealth,1,-14400000,,,57.000000,,0.000000,"05/17/2024, 4:10:29 AM",xtfbSOmziO,,,"05/17/2024, 4:10:29 AM",b911a1fe-1fe4-9130-df2d-e9d249ba246d,"05/17/2024, 4:15:00 AM",,"05/17/2024, 4:15:00 AM",0.000000,
,com.sec.android.app.shealth,1,-14400000,,,66.000000,,0.000000,"05/17/2024, 5:40:44 AM",xtfbSOmziO,,,"05/17/2024, 5:40:44 AM",5945d1c7-a227-2bc4-864d-fed72e7201e0,"05/17/2024, 5:41:08 AM",,"05/17/2024, 5:41:08 AM",0.000000,
,com.sec.android.app.shealth,1,-14400000,,,51.000000,,0.000000,"05/17/2024, 6:01:28 AM",xtfbSOmziO,,,"05/17/2024, 6:01:28 AM",08c1bb50-dcad-c0be-223d-ff04ca73b9bb,"05/17/2024, 6:02:51 AM",,"05/17/2024, 6:02:51 AM",0.000000,
,com.sec.android.app.shealth,1,-14400000,,,80.000000,,0.000000,"05/17/2024, 3:31:46 PM",xtfbSOmziO,,,"05/17/2024, 3:31:46 PM",83de2cbd-2c6b-7d9a-16ce-0007c7a1a5dc,"05/17/2024, 3:35:00 PM",,"05/17/2024, 3:35:00 PM",0.000000,
,com.sec.android.app.shealth,1,-14400000,,,63.000000,,0.000000,"05/17/2024, 4:50:29 PM",xtfbSOmziO,,,"05/17/2024, 4:50:29 PM",5488aec2-b8b4-424f-893e-3bfab312734d,"05/17/2024, 4:55:00 PM",,"05/17/2024, 4:55:00 PM",0.000000,
,com.sec.android.app.shealth,1,-14400000,,,65.000000,,0.000000,"05/17/2024, 5:10:29 PM",xtfbSOmziO,,,"05/17/2024, 5:10:29 PM",cfe30b8e-886a-23af-4c26-6d0c9f84b12b,"05/17/2024, 5:15:00 PM",,"05/17/2024, 5:15:00 PM",0.000000,
,com.sec.android.app.shealth,1,-14400000,,,67.000000,,0.000000,"05/17/2024, 6:50:29 PM",xtfbSOmziO,,,"05/17/2024, 6:50:29 PM",657ba99b-94c6-0720-b3a0-049ed4d3492b,"05/17/2024, 6:54:31 PM",,"05/17/2024, 6:54:31 PM",0.000000,
,com.sec.android.app.shealth,1,-14400000,,,68.000000,,0.000000,"05/17/2024, 7:00:29 PM",xtfbSOmziO,,,"05/17/2024, 7:00:29 PM",62ec9263-b962-8440-b027-009be4e8c3b3,"05/17/2024, 7:01:22 PM",,"05/17/2024, 7:01:22 PM",0.000000,
,com.sec.android.app.shealth,1,-14400000,,,59.000000,,0.000000,"05/18/2024, 4:51:12 AM",xtfbSOmziO,,,"05/18/2024, 4:51:12 AM",bfa0971b-b60c-a7ad-5835-6eb83c21ed44,"05/18/2024, 4:55:01 AM",,"05/18/2024, 4:55:01 AM",0.000000,
,com.sec.android.app.shealth,1,-14400000,,,57.000000,,0.000000,"05/18/2024, 5:30:29 AM",xtfbSOmziO,,,"05/18/2024, 5:30:29 AM",6bd705b9-9a71-2854-2adc-a524a1526edd,"05/18/2024, 5:32:29 AM",,"05/18/2024, 5:32:29 AM",0.000000,
,com.sec.android.app.shealth,1,-14400000,,,56.000000,,0.000000,"05/18/2024, 6:40:32 AM",xtfbSOmziO,,,"05/18/2024, 6:40:32 AM",2882af2b-e460-3153-4622-be121ff8f397,"05/18/2024, 6:41:39 AM",,"05/18/2024, 6:41:39 AM",0.000000,
,com.sec.android.app.shealth,1,-14400000,,,60.000000,,0.000000,"05/18/2024, 8:20:29 AM",xtfbSOmziO,,,"05/18/2024, 8:20:29 AM",b4a58372-2bc9-2fc0-1149-f15eaa5109c6,"05/18/2024, 8:21:52 AM",,"05/18/2024, 8:21:52 AM",0.000000,
,com.sec.android.app.shealth,1,-25200000,,,55.000000,,0.000000,"08/25/2024, 3:50:52 PM",xtfbSOmziO,,,"08/25/2024, 3:50:52 PM",87144168-33f9-87e9-1ece-b766aeaf5fda,"08/25/2024, 3:51:22 PM",,"08/25/2024, 3:51:22 PM",0.000000,
,com.sec.android.app.shealth,1,-25200000,,,51.000000,,0.000000,"08/25/2024, 4:00:29 PM",xtfbSOmziO,,,"08/25/2024, 4:00:29 PM",4b39e4e3-7d8e-a54b-804f-7188dfd219c8,"08/25/2024, 4:00:55 PM",,"08/25/2024, 4:00:55 PM",0.000000,
,com.sec.android.app.shealth,1,-25200000,,,88.000000,,0.000000,"08/25/2024, 5:30:29 PM",xtfbSOmziO,,,"08/25/2024, 5:30:29 PM",17ba456f-8300-a8ac-7764-f225b987c334,"08/25/2024, 5:31:24 PM",,"08/25/2024, 5:31:24 PM",0.000000,
,com.sec.android.app.shealth,1,-25200000,,,87.000000,,0.000000,"08/25/2024, 6:00:29 PM",xtfbSOmziO,,,"08/25/2024, 6:00:29 PM",f3425e83-9ded-ba90-0df9-c7feae48214c,"08/25/2024, 6:08:37 PM",,"08/25/2024, 6:08:37 PM",0.000000,
,com.sec.android.app.shealth,1,-25200000,,,88.000000,,0.000000,"08/25/2024, 7:10:29 PM",xtfbSOmziO,,,"08/25/2024, 7:10:29 PM",4d26b9eb-98e8-ef39-c7ba-570f73b7ebc7,"08/25/2024, 7:34:10 PM",,"08/25/2024, 7:34:10 PM",0.000000,
,com.sec.android.app.shealth,1,-25200000,,,88.000000,,0.000000,"08/25/2024, 8:30:29 PM",xtfbSOmziO,,,"08/25/2024, 8:30:29 PM",6b1c1b0c-0698-508f-87bc-4e963472c6fb,"08/25/2024, 9:04:38 PM",,"08/25/2024, 9:04:38 PM",0.000000,
,com.sec.android.app.shealth,1,-25200000,,,88.000000,,0.000000,"08/25/2024, 9:00:29 PM",xtfbSOmziO,,,"08/25/2024, 9:00:29 PM",ae6445d9-a028-13ea-6a21-f29ca6f75df4,"08/25/2024, 9:08:22 PM",,"08/25/2024, 9:08:22 PM",0.000000,
,com.sec.android.app.shealth,1,-25200000,,,88.000000,,0.000000,"08/25/2024, 10:00:29 PM",xtfbSOmziO,,,"08/25/2024, 10:00:29 PM",72daedc6-4819-4407-2938-3f78cbdbaa2a,"08/25/2024, 10:04:06 PM",,"08/25/2024, 10:04:06 PM",0.000000,
,com.sec.android.app.shealth,1,-25200000,,,88.000000,,0.000000,"08/25/2024, 11:00:29 PM",xtfbSOmziO,,,"08/25/2024, 11:00:29 PM",414eff14-75fe-0b31-f511-1cdc3d365846,"08/25/2024, 11:06:50 PM",,"08/25/2024, 11:06:50 PM",0.000000,
,com.sec.android.app.shealth,1,-25200000,,,88.000000,,0.000000,"08/26/2024, 12:10:29 AM",xtfbSOmziO,,,"08/26/2024, 12:10:29 AM",73bd0bd6-d864-74f9-4f99-8fa478d87040,"08/26/2024, 12:15:00 AM",,"08/26/2024, 12:15:00 AM",0.000000,
,com.sec.android.app.shealth,1,-25200000,,,76.000000,,0.000000,"08/26/2024, 12:40:58 PM",xtfbSOmziO,,,"08/26/2024, 12:40:58 PM",45f1ff20-10a6-384e-c10e-074d86c496fc,"08/26/2024, 12:45:06 PM",,"08/26/2024, 12:45:06 PM",0.000000,
,com.sec.android.app.shealth,1,-25200000,,,68.000000,,0.000000,"08/26/2024, 3:40:29 PM",xtfbSOmziO,,,"08/26/2024, 3:40:29 PM",32287954-9a75-f33c-0313-e9f906d3a275,"08/26/2024, 3:43:48 PM",,"08/26/2024, 3:43:48 PM",0.000000,
,com.sec.android.app.shealth,1,-25200000,,,63.000000,,0.000000,"08/26/2024, 4:00:29 PM",xtfbSOmziO,,,"08/26/2024, 4:00:29 PM",42646b8f-0046-d486-0fb9-c3040ce0b75a,"08/26/2024, 4:01:42 PM",,"08/26/2024, 4:01:42 PM",0.000000,
,com.sec.android.app.shealth,1,-25200000,,,67.000000,,0.000000,"08/26/2024, 5:53:26 PM",xtfbSOmziO,,,"08/26/2024, 5:53:26 PM",4747c7ef-abc2-6a63-ffca-89291aecb4ea,"08/26/2024, 5:53:38 PM",,"08/26/2024, 5:53:38 PM",0.000000,
,com.sec.android.app.shealth,1,-25200000,,,56.000000,,0.000000,"08/27/2024, 8:41:54 AM",xtfbSOmziO,,,"08/27/2024, 8:41:54 AM",592b5eab-4203-e84e-8b13-75cd2492e009,"08/27/2024, 8:42:19 AM",,"08/27/2024, 8:42:19 AM",0.000000,
,com.sec.android.app.shealth,1,-25200000,,,59.000000,,0.000000,"08/27/2024, 11:50:29 AM",xtfbSOmziO,,,"08/27/2024, 11:50:29 AM",01b5225b-a5ed-84b1-6428-c224d1ae98e6,"08/27/2024, 11:51:57 AM",,"08/27/2024, 11:51:57 AM",0.000000,
,com.sec.android.app.shealth,1,-25200000,,,68.000000,,0.000000,"08/27/2024, 12:40:29 PM",xtfbSOmziO,,,"08/27/2024, 12:40:29 PM",a8d806b9-244d-943e-598b-498cb16062f1,"08/27/2024, 12:42:02 PM",,"08/27/2024, 12:42:02 PM",0.000000,
,com.sec.android.app.shealth,1,-25200000,,,73.000000,,0.000000,"08/27/2024, 1:31:13 PM",xtfbSOmziO,,,"08/27/2024, 1:31:13 PM",76e77b1b-e1b2-905d-36fc-9c534a77cb7b,"08/27/2024, 1:31:34 PM",,"08/27/2024, 1:31:34 PM",0.000000,
,com.sec.android.app.shealth,1,-25200000,,,65.000000,,0.000000,"08/27/2024, 3:50:29 PM",xtfbSOmziO,,,"08/27/2024, 3:50:29 PM",e32d7610-6a0d-646b-2b70-bf398b6fe43c,"08/27/2024, 3:53:41 PM",,"08/27/2024, 3:53:41 PM",0.000000,
,com.sec.android.app.shealth,1,-25200000,,,78.000000,,0.000000,"08/27/2024, 4:50:43 PM",xtfbSOmziO,,,"08/27/2024, 4:50:43 PM",f76c5e62-9cd9-aef2-ca9d-4a97af5916fb,"08/27/2024, 4:54:58 PM",,"08/27/2024, 4:54:58 PM",0.000000,
,com.sec.android.app.shealth,1,-25200000,,,70.000000,,0.000000,"08/27/2024, 5:30:29 PM",xtfbSOmziO,,,"08/27/2024, 5:30:29 PM",c1c58e8a-e790-6b7b-5d6c-57799a652125,"08/27/2024, 5:31:46 PM",,"08/27/2024, 5:31:46 PM",0.000000,
,com.sec.android.app.shealth,1,-14400000,,,78.000000,,0.000000,"08/17/2024, 8:20:29 AM",xtfbSOmziO,,,"08/17/2024, 8:20:29 AM",894d725b-ffdd-8037-5b9c-68bc5fd0aa79,"08/17/2024, 8:35:01 AM",,"08/17/2024, 8:35:01 AM",0.000000,
,com.sec.android.app.shealth,1,-14400000,,,71.000000,,0.000000,"08/20/2024, 8:41:25 AM",xtfbSOmziO,,,"08/20/2024, 8:41:25 AM",cedd81d1-2815-1938-c8c4-ce196aff1c0a,"08/20/2024, 8:42:22 AM",,"08/20/2024, 8:42:22 AM",0.000000,
,com.sec.android.app.shealth,1,-14400000,,,60.000000,,0.000000,"08/20/2024, 10:40:43 AM",xtfbSOmziO,,,"08/20/2024, 10:40:43 AM",0607207f-8500-26d2-794b-f0643b249491,"08/20/2024, 10:41:27 AM",,"08/20/2024, 10:41:27 AM",0.000000,
,com.sec.android.app.shealth,1,-14400000,,,61.000000,,0.000000,"08/20/2024, 11:40:44 AM",xtfbSOmziO,,,"08/20/2024, 11:40:44 AM",a501bfc2-7e62-338c-607a-0cc87f7b33b6,"08/20/2024, 11:41:12 AM",,"08/20/2024, 11:41:12 AM",0.000000,
,com.sec.android.app.shealth,1,-14400000,,,54.000000,,0.000000,"08/20/2024, 12:00:29 PM",xtfbSOmziO,,,"08/20/2024, 12:00:29 PM",137b2880-d133-12ac-cdcb-aae258bbb60e,"08/20/2024, 12:00:55 PM",,"08/20/2024, 12:00:55 PM",0.000000,
,com.sec.android.app.shealth,1,-14400000,,,62.000000,,0.000000,"08/20/2024, 1:00:53 PM",xtfbSOmziO,,,"08/20/2024, 1:00:53 PM",3453f14b-2f4c-fb9f-6771-e4f0fc5896fe,"08/20/2024, 1:04:54 PM",,"08/20/2024, 1:04:54 PM",0.000000,
,com.sec.android.app.shealth,1,-14400000,,,70.000000,,0.000000,"08/20/2024, 3:20:29 PM",xtfbSOmziO,,,"08/20/2024, 3:20:29 PM",a861558f-978d-cd54-bac1-350278872071,"08/20/2024, 3:26:48 PM",,"08/20/2024, 3:26:48 PM",0.000000,
,com.sec.android.app.shealth,1,-14400000,,,59.000000,,0.000000,"08/20/2024, 5:00:49 PM",xtfbSOmziO,,,"08/20/2024, 5:00:49 PM",9b74df05-3e3e-06d3-332a-6c08d1cdcc18,"08/20/2024, 5:01:53 PM",,"08/20/2024, 5:01:53 PM",0.000000,
,com.sec.android.app.shealth,1,-14400000,,,65.000000,,0.000000,"08/20/2024, 6:50:40 PM",xtfbSOmziO,,,"08/20/2024, 6:50:40 PM",5fdf6e51-8c7c-f755-1696-07a29dce753e,"08/20/2024, 6:51:37 PM",,"08/20/2024, 6:51:37 PM",0.000000,
,com.sec.android.app.shealth,1,-14400000,,,74.000000,,0.000000,"08/20/2024, 7:40:29 PM",xtfbSOmziO,,,"08/20/2024, 7:40:29 PM",58335c1c-71e4-2c58-b7c4-e594f3293316,"08/20/2024, 7:40:50 PM",,"08/20/2024, 7:40:50 PM",0.000000,
,com.sec.android.app.shealth,1,-14400000,,,64.000000,,0.000000,"08/20/2024, 8:50:49 PM",xtfbSOmziO,,,"08/20/2024, 8:50:49 PM",78fdb31f-95d4-68fd-23e2-c87ab574a673,"08/20/2024, 8:51:30 PM",,"08/20/2024, 8:51:30 PM",0.000000,
,com.sec.android.app.shealth,1,-14400000,,,60.000000,,0.000000,"08/20/2024, 10:01:01 PM",xtfbSOmziO,,,"08/20/2024, 10:01:01 PM",206e7376-54d9-bb6a-02c9-72e58b98eb07,"08/20/2024, 10:09:14 PM",,"08/20/2024, 10:09:14 PM",0.000000,
,com.sec.android.app.shealth,1,-14400000,,,54.000000,,0.000000,"08/21/2024, 9:31:52 AM",xtfbSOmziO,,,"08/21/2024, 9:31:52 AM",a0e2de82-882c-c75e-52ee-c097e9f60504,"08/21/2024, 9:32:14 AM",,"08/21/2024, 9:32:14 AM",0.000000,
,com.sec.android.app.shealth,1,-14400000,,,58.000000,,0.000000,"08/21/2024, 12:31:30 PM",xtfbSOmziO,,,"08/21/2024, 12:31:30 PM",2a198531-3ca6-2da0-b569-0996f24fa165,"08/21/2024, 12:32:14 PM",,"08/21/2024, 12:32:14 PM",0.000000,
,com.sec.android.app.shealth,1,-14400000,,,64.000000,,0.000000,"08/21/2024, 1:50:29 PM",xtfbSOmziO,,,"08/21/2024, 1:50:29 PM",94e45d51-2406-77c7-0145-2d9996835a29,"08/21/2024, 1:53:39 PM",,"08/21/2024, 1:53:39 PM",0.000000,
,com.sec.android.app.shealth,1,-14400000,,,60.000000,,0.000000,"08/21/2024, 2:30:57 PM",xtfbSOmziO,,,"08/21/2024, 2:30:57 PM",db41e256-2433-6002-0e04-722505e0bb3f,"08/21/2024, 2:31:59 PM",,"08/21/2024, 2:31:59 PM",0.000000,
,com.sec.android.app.shealth,1,-14400000,,,68.000000,,0.000000,"08/21/2024, 4:50:29 PM",xtfbSOmziO,,,"08/21/2024, 4:50:29 PM",82c5d34e-4582-01cb-22d8-aafb8d20733f,"08/21/2024, 4:50:50 PM",,"08/21/2024, 4:50:50 PM",0.000000,
,com.sec.android.app.shealth,1,-14400000,,,50.000000,,0.000000,"08/21/2024, 6:10:47 PM",xtfbSOmziO,,,"08/21/2024, 6:10:47 PM",f97b20c4-a6d8-ff8c-41f4-4e71e6e5864a,"08/21/2024, 6:12:01 PM",,"08/21/2024, 6:12:01 PM",0.000000,
,com.sec.android.app.shealth,1,-14400000,,,54.000000,,0.000000,"08/21/2024, 7:12:28 PM",xtfbSOmziO,,,"08/21/2024, 7:12:28 PM",a0467b3b-eb40-259d-da95-a080cdfcf647,"08/21/2024, 7:12:57 PM",,"08/21/2024, 7:12:57 PM",0.000000,
,com.sec.android.app.shealth,1,-14400000,,,95.000000,,0.000000,"08/22/2024, 10:51:19 AM",xtfbSOmziO,,,"08/22/2024, 10:51:19 AM",d8946177-56f9-2a35-f8a8-6ccc79cd75e3,"08/22/2024, 10:55:01 AM",,"08/22/2024, 10:55:01 AM",0.000000,
,com.sec.android.app.shealth,1,-14400000,,,78.000000,,0.000000,"08/22/2024, 12:50:31 PM",xtfbSOmziO,,,"08/22/2024, 12:50:31 PM",4bbc046c-69ef-fe3f-5f54-6eca69485e74,"08/22/2024, 12:53:03 PM",,"08/22/2024, 12:53:03 PM",0.000000,
,com.sec.android.app.shealth,1,-14400000,,,68.000000,,0.000000,"08/22/2024, 1:00:41 PM",xtfbSOmziO,,,"08/22/2024, 1:00:41 PM",15a26e88-8c5a-9ba5-459a-c0062a726877,"08/22/2024, 1:02:47 PM",,"08/22/2024, 1:02:47 PM",0.000000,
,com.sec.android.app.shealth,1,-14400000,,,62.000000,,0.000000,"08/22/2024, 3:52:43 PM",xtfbSOmziO,,,"08/22/2024, 3:52:43 PM",ba5c01c0-0f07-99e9-86a2-a398fff41146,"08/22/2024, 3:53:34 PM",,"08/22/2024, 3:53:34 PM",0.000000,
,com.sec.android.app.shealth,1,-14400000,,,80.000000,,0.000000,"08/22/2024, 4:40:43 PM",xtfbSOmziO,,,"08/22/2024, 4:40:43 PM",78a97442-d426-55f0-223a-0028d81ca0cd,"08/22/2024, 4:40:44 PM",,"08/22/2024, 4:40:44 PM",0.000000,
,com.sec.android.app.shealth,1,-14400000,,,89.000000,,0.000000,"08/22/2024, 9:10:29 PM",xtfbSOmziO,,,"08/22/2024, 9:10:29 PM",1e0f16f9-53ba-477c-7405-039f4e5dad5b,"08/22/2024, 9:15:01 PM",,"08/22/2024, 9:15:01 PM",0.000000,
,com.sec.android.app.shealth,1,-14400000,,,46.000000,,0.000000,"08/23/2024, 2:00:45 AM",xtfbSOmziO,,,"08/23/2024, 2:00:45 AM",3abc0eb8-4d6c-2c8d-8b2b-a6d8222aedfc,"08/23/2024, 2:15:01 AM",,"08/23/2024, 2:15:01 AM",0.000000,
,com.sec.android.app.shealth,1,-14400000,,,54.000000,,0.000000,"08/23/2024, 3:51:34 AM",xtfbSOmziO,,,"08/23/2024, 3:51:34 AM",e2b08fe1-7af9-58f1-bf02-7e3312074260,"08/23/2024, 3:55:01 AM",,"08/23/2024, 3:55:01 AM",0.000000,
,com.sec.android.app.shealth,1,-14400000,,,70.000000,,0.000000,"08/23/2024, 7:41:13 AM",xtfbSOmziO,,,"08/23/2024, 7:41:13 AM",9dc5d73a-1b10-6bcd-c8d4-6760152e05f5,"08/23/2024, 7:41:37 AM",,"08/23/2024, 7:41:37 AM",0.000000,
,com.sec.android.app.shealth,1,-14400000,,,66.000000,,0.000000,"08/23/2024, 8:50:29 AM",xtfbSOmziO,,,"08/23/2024, 8:50:29 AM",0c08ea51-232a-e184-0739-971fe1c64f1c,"08/23/2024, 8:51:57 AM",,"08/23/2024, 8:51:57 AM",0.000000,
,com.sec.android.app.shealth,1,-14400000,,,76.000000,,0.000000,"08/23/2024, 9:40:50 AM",xtfbSOmziO,,,"08/23/2024, 9:40:50 AM",40a88a13-a35f-273a-0253-b2bdeb8fa56c,"08/23/2024, 9:41:30 AM",,"08/23/2024, 9:41:30 AM",0.000000,
,com.sec.android.app.shealth,1,-14400000,,,60.000000,,0.000000,"08/23/2024, 10:40:50 AM",xtfbSOmziO,,,"08/23/2024, 10:40:50 AM",a46c77a7-6457-9c1d-bdc1-b650f7f23e3e,"08/23/2024, 10:42:27 AM",,"08/23/2024, 10:42:27 AM",0.000000,
,com.sec.android.app.shealth,1,-14400000,,,66.000000,,0.000000,"08/23/2024, 11:20:55 AM",xtfbSOmziO,,,"08/23/2024, 11:20:55 AM",9469645a-8d51-05ef-2ef6-7ead13e44b19,"08/23/2024, 11:22:12 AM",,"08/23/2024, 11:22:12 AM",0.000000,
,com.sec.android.app.shealth,1,-14400000,,,61.000000,,0.000000,"08/23/2024, 12:20:59 PM",xtfbSOmziO,,,"08/23/2024, 12:20:59 PM",95158dcf-6232-a606-fc36-b211ad685bc6,"08/23/2024, 12:22:21 PM",,"08/23/2024, 12:22:21 PM",0.000000,
,com.sec.android.app.shealth,1,-14400000,,,67.000000,,0.000000,"08/23/2024, 1:01:05 PM",xtfbSOmziO,,,"08/23/2024, 1:01:05 PM",840833f5-ff2f-a002-78fb-1621e5579554,"08/23/2024, 1:01:05 PM",,"08/23/2024, 1:01:05 PM",0.000000,
,com.sec.android.app.shealth,1,-14400000,,,73.000000,,0.000000,"08/23/2024, 3:30:59 PM",xtfbSOmziO,,,"08/23/2024, 3:30:59 PM",b449f65b-60fc-dbe6-5339-bbffc0f029ab,"08/23/2024, 3:32:39 PM",,"08/23/2024, 3:32:39 PM",0.000000,
,com.sec.android.app.shealth,1,-25200000,,,89.000000,,0.000000,"08/25/2024, 9:00:29 AM",xtfbSOmziO,,,"08/25/2024, 9:00:29 AM",2a519ea9-324c-f8b3-617a-f08ba0066ca0,"08/25/2024, 9:19:02 AM",,"08/25/2024, 9:19:02 AM",0.000000,
,com.sec.android.app.shealth,1,-25200000,,,62.000000,,0.000000,"08/25/2024, 1:50:40 PM",xtfbSOmziO,,,"08/25/2024, 1:50:40 PM",732eef25-b241-1205-1eb8-31ab9273ab95,"08/25/2024, 1:50:41 PM",,"08/25/2024, 1:50:41 PM",0.000000,
,com.sec.android.app.shealth,1,-25200000,,,83.000000,,0.000000,"08/25/2024, 2:01:17 PM",xtfbSOmziO,,,"08/25/2024, 2:01:17 PM",9853ca75-7fd7-64b2-4bca-680e73e11b1f,"08/25/2024, 2:01:17 PM",,"08/25/2024, 2:01:17 PM",0.000000,
,com.sec.android.app.shealth,1,-25200000,,,66.000000,,0.000000,"08/25/2024, 2:50:23 PM",xtfbSOmziO,,,"08/25/2024, 2:50:23 PM",fac9b1bb-3235-e2b8-aa8c-7143cdb2a732,"08/25/2024, 2:50:25 PM",,"08/25/2024, 2:50:25 PM",0.000000,
,com.sec.android.app.shealth,1,-14400000,,,74.000000,,0.000000,"08/14/2024, 11:50:41 AM",xtfbSOmziO,,,"08/14/2024, 11:50:41 AM",386e885f-a725-d21b-9adf-7637be6c86c2,"08/14/2024, 11:55:01 AM",,"08/14/2024, 11:55:01 AM",0.000000,
,com.sec.android.app.shealth,1,-14400000,,,82.000000,,0.000000,"08/14/2024, 12:40:36 PM",xtfbSOmziO,,,"08/14/2024, 12:40:36 PM",0cdde316-a86f-64ae-2e52-35d3a5834f4f,"08/14/2024, 12:42:05 PM",,"08/14/2024, 12:42:05 PM",0.000000,
,com.sec.android.app.shealth,1,-14400000,,,67.000000,,0.000000,"08/14/2024, 1:50:29 PM",xtfbSOmziO,,,"08/14/2024, 1:50:29 PM",309ba9ab-f63e-ea9c-e51e-dcd2f7add091,"08/14/2024, 1:53:40 PM",,"08/14/2024, 1:53:40 PM",0.000000,
,com.sec.android.app.shealth,1,-14400000,,,88.000000,,0.000000,"08/14/2024, 3:40:29 PM",xtfbSOmziO,,,"08/14/2024, 3:40:29 PM",d7719e1a-4003-7804-981b-b6cc34255494,"08/14/2024, 3:55:01 PM",,"08/14/2024, 3:55:01 PM",0.000000,
,com.sec.android.app.shealth,1,-14400000,,,67.000000,,0.000000,"08/14/2024, 4:50:29 PM",xtfbSOmziO,,,"08/14/2024, 4:50:29 PM",883a64bc-e6f5-35fb-a1e3-ac1dedd6ce0a,"08/14/2024, 4:53:33 PM",,"08/14/2024, 4:53:33 PM",0.000000,
,com.sec.android.app.shealth,1,-14400000,,,76.000000,,0.000000,"08/14/2024, 5:50:46 PM",xtfbSOmziO,,,"08/14/2024, 5:50:46 PM",4a0ce263-35b0-daff-2414-41253c28bfa0,"08/14/2024, 5:50:52 PM",,"08/14/2024, 5:50:52 PM",0.000000,
,com.sec.android.app.shealth,1,-14400000,,,74.000000,,0.000000,"08/14/2024, 6:20:29 PM",xtfbSOmziO,,,"08/14/2024, 6:20:29 PM",24f523bd-2a74-c5ec-ecb8-a2fe23a055a2,"08/14/2024, 6:20:41 PM",,"08/14/2024, 6:20:41 PM",0.000000,
,com.sec.android.app.shealth,1,-14400000,,,71.000000,,0.000000,"08/15/2024, 1:50:36 PM",xtfbSOmziO,,,"08/15/2024, 1:50:36 PM",41df3ba5-06d8-91b0-5bd1-5cda7e4e3634,"08/15/2024, 1:54:57 PM",,"08/15/2024, 1:54:57 PM",0.000000,
,com.sec.android.app.shealth,1,-14400000,,,65.000000,,0.000000,"08/15/2024, 2:21:20 PM",xtfbSOmziO,,,"08/15/2024, 2:21:20 PM",4d1f4cce-82f6-9f97-d485-37358278ced6,"08/15/2024, 2:27:29 PM",,"08/15/2024, 2:27:29 PM",0.000000,
,com.sec.android.app.shealth,1,-14400000,,,59.000000,,0.000000,"08/15/2024, 3:50:29 PM",xtfbSOmziO,,,"08/15/2024, 3:50:29 PM",8859a167-e0d8-717a-8ab3-87ca525364e3,"08/15/2024, 3:55:01 PM",,"08/15/2024, 3:55:01 PM",0.000000,
,com.sec.android.app.shealth,1,-14400000,,,52.000000,,0.000000,"08/15/2024, 4:00:29 PM",xtfbSOmziO,,,"08/15/2024, 4:00:29 PM",d82e1b72-4de3-20c3-25a2-57d2d94b7627,"08/15/2024, 4:04:48 PM",,"08/15/2024, 4:04:48 PM",0.000000,
,com.sec.android.app.shealth,1,-14400000,,,60.000000,,0.000000,"08/15/2024, 5:50:31 PM",xtfbSOmziO,,,"08/15/2024, 5:50:31 PM",63a6e7a9-7057-5f4b-0a96-9ff7d68f78fa,"08/15/2024, 5:54:54 PM",,"08/15/2024, 5:54:54 PM",0.000000,
,com.sec.android.app.shealth,1,-14400000,,,69.000000,,0.000000,"08/15/2024, 6:01:08 PM",xtfbSOmziO,,,"08/15/2024, 6:01:08 PM",d79dcd79-4672-a681-cd06-223148cd7369,"08/15/2024, 6:01:58 PM",,"08/15/2024, 6:01:58 PM",0.000000,
,com.sec.android.app.shealth,1,-14400000,,,93.000000,,0.000000,"08/15/2024, 8:31:20 PM",xtfbSOmziO,,,"08/15/2024, 8:31:20 PM",de77cff8-13fa-2120-13f3-d19bc8f10f35,"08/15/2024, 8:31:48 PM",,"08/15/2024, 8:31:48 PM",0.000000,
,com.sec.android.app.shealth,1,-14400000,,,82.000000,,0.000000,"08/16/2024, 10:10:29 PM",xtfbSOmziO,,,"08/16/2024, 10:10:29 PM",0c1c4687-3640-6793-f89c-7f52618777b1,"08/16/2024, 10:15:01 PM",,"08/16/2024, 10:15:01 PM",0.000000,
,com.sec.android.app.shealth,1,-14400000,,,68.000000,,0.000000,"08/17/2024, 6:50:29 AM",xtfbSOmziO,,,"08/17/2024, 6:50:29 AM",e21b94e7-911d-99da-332c-ba9ffabc2351,"08/17/2024, 6:55:01 AM",,"08/17/2024, 6:55:01 AM",0.000000,
,com.sec.android.app.shealth,1,-14400000,,,73.000000,,0.000000,"08/17/2024, 7:50:29 AM",xtfbSOmziO,,,"08/17/2024, 7:50:29 AM",f084035b-4d79-e705-78ff-3fd5d1f11dd6,"08/17/2024, 7:55:01 AM",,"08/17/2024, 7:55:01 AM",0.000000,
,com.sec.android.app.shealth,1,-14400000,,,83.000000,,0.000000,"08/13/2024, 3:52:42 PM",xtfbSOmziO,,,"08/13/2024, 3:52:42 PM",7d99a558-0e85-3171-7429-20c9c12aaf2c,"08/13/2024, 3:55:01 PM",,"08/13/2024, 3:55:01 PM",0.000000,
,com.sec.android.app.shealth,1,-14400000,,,90.000000,,0.000000,"08/13/2024, 4:20:29 PM",xtfbSOmziO,,,"08/13/2024, 4:20:29 PM",5a95c33b-afdd-4336-72bf-94470e1605d9,"08/13/2024, 4:25:30 PM",,"08/13/2024, 4:25:30 PM",0.000000,
,com.sec.android.app.shealth,1,-14400000,,,73.000000,,0.000000,"08/06/2024, 12:21:40 PM",xtfbSOmziO,,,"08/06/2024, 12:21:40 PM",c8b744b6-4a7d-2c66-6076-c67ce380ca1a,"08/06/2024, 12:24:10 PM",,"08/06/2024, 12:24:10 PM",0.000000,
,com.sec.android.app.shealth,1,-14400000,,,82.000000,,0.000000,"08/06/2024, 2:00:43 PM",xtfbSOmziO,,,"08/06/2024, 2:00:43 PM",3834cea8-5c89-2e1d-b226-05bf0d2b097c,"08/06/2024, 2:04:51 PM",,"08/06/2024, 2:04:51 PM",0.000000,
,com.sec.android.app.shealth,1,-14400000,,,81.000000,,0.000000,"08/06/2024, 3:50:29 PM",xtfbSOmziO,,,"08/06/2024, 3:50:29 PM",f244628e-c0a0-786f-d742-26559896d272,"08/06/2024, 3:55:00 PM",,"08/06/2024, 3:55:00 PM",0.000000,
,com.sec.android.app.shealth,1,-14400000,,,77.000000,,0.000000,"08/06/2024, 4:50:29 PM",xtfbSOmziO,,,"08/06/2024, 4:50:29 PM",261df491-72fd-8841-7842-1c7d3207d361,"08/06/2024, 4:55:00 PM",,"08/06/2024, 4:55:00 PM",0.000000,
,com.sec.android.app.shealth,1,-14400000,,,74.000000,,0.000000,"08/06/2024, 5:11:10 PM",xtfbSOmziO,,,"08/06/2024, 5:11:10 PM",870dd9c7-2987-1e7b-10ee-767a395cfc6e,"08/06/2024, 5:15:00 PM",,"08/06/2024, 5:15:00 PM",0.000000,
,com.sec.android.app.shealth,1,-14400000,,,78.000000,,0.000000,"08/06/2024, 6:22:39 PM",xtfbSOmziO,,,"08/06/2024, 6:22:39 PM",66664317-dd44-1b48-c9d5-952d5e38bc64,"08/06/2024, 6:23:15 PM",,"08/06/2024, 6:23:15 PM",0.000000,
,com.sec.android.app.shealth,1,-14400000,,,133.000000,,0.000000,"08/06/2024, 8:20:29 PM",xtfbSOmziO,,,"08/06/2024, 8:20:29 PM",5640e18f-6bbd-e2ae-db07-985c8fd742d7,"08/06/2024, 8:35:00 PM",,"08/06/2024, 8:35:00 PM",0.000000,
,com.sec.android.app.shealth,1,-14400000,,,58.000000,,0.000000,"08/07/2024, 5:52:32 AM",xtfbSOmziO,,,"08/07/2024, 5:52:32 AM",6b12db27-ffbe-2cea-f8f0-af63ab76afbb,"08/07/2024, 5:55:00 AM",,"08/07/2024, 5:55:00 AM",0.000000,
,com.sec.android.app.shealth,1,-14400000,,,73.000000,,0.000000,"08/07/2024, 9:50:34 AM",xtfbSOmziO,,,"08/07/2024, 9:50:34 AM",aed6ce54-9955-9e82-5ad1-d9db503bcb29,"08/07/2024, 9:55:00 AM",,"08/07/2024, 9:55:00 AM",0.000000,
,com.sec.android.app.shealth,1,-14400000,,,69.000000,,0.000000,"08/07/2024, 10:20:29 AM",xtfbSOmziO,,,"08/07/2024, 10:20:29 AM",91d72e4d-339d-8e1f-15ef-3035939595e9,"08/07/2024, 10:21:11 AM",,"08/07/2024, 10:21:11 AM",0.000000,
,com.sec.android.app.shealth,1,-14400000,,,74.000000,,0.000000,"08/07/2024, 1:21:22 PM",xtfbSOmziO,,,"08/07/2024, 1:21:22 PM",7d31582f-f258-b084-631b-00cf6ff1d00f,"08/07/2024, 1:24:18 PM",,"08/07/2024, 1:24:18 PM",0.000000,
,com.sec.android.app.shealth,1,-14400000,,,68.000000,,0.000000,"08/07/2024, 2:51:21 PM",xtfbSOmziO,,,"08/07/2024, 2:51:21 PM",7e05caed-64a3-2414-801a-351a82af0570,"08/07/2024, 2:51:30 PM",,"08/07/2024, 2:51:30 PM",0.000000,
,com.sec.android.app.shealth,1,-14400000,,,87.000000,,0.000000,"08/07/2024, 3:50:46 PM",xtfbSOmziO,,,"08/07/2024, 3:50:46 PM",51f0753f-73b3-4d6b-414c-44fd89f67ca7,"08/07/2024, 3:51:32 PM",,"08/07/2024, 3:51:32 PM",0.000000,
,com.sec.android.app.shealth,1,-14400000,,,90.000000,,0.000000,"08/09/2024, 7:40:58 AM",xtfbSOmziO,,,"08/09/2024, 7:40:58 AM",cf6d5cf4-ca57-a934-0f97-4b277f3aeb77,"08/09/2024, 7:44:05 AM",,"08/09/2024, 7:44:05 AM",0.000000,
,com.sec.android.app.shealth,1,-14400000,,,76.000000,,0.000000,"08/09/2024, 9:21:02 AM",xtfbSOmziO,,,"08/09/2024, 9:21:02 AM",463d2af1-2cc3-b7d7-a9e4-f05dfc5e995d,"08/09/2024, 9:22:59 AM",,"08/09/2024, 9:22:59 AM",0.000000,
,com.sec.android.app.shealth,1,-14400000,,,75.000000,,0.000000,"08/09/2024, 12:20:38 PM",xtfbSOmziO,,,"08/09/2024, 12:20:38 PM",d6571396-47f4-dd13-5493-48c10d93172d,"08/09/2024, 12:20:38 PM",,"08/09/2024, 12:20:38 PM",0.000000,
,com.sec.android.app.shealth,1,-14400000,,,67.000000,,0.000000,"08/09/2024, 1:40:30 PM",xtfbSOmziO,,,"08/09/2024, 1:40:30 PM",34eaa763-5879-5de2-460f-fde984252420,"08/09/2024, 1:44:47 PM",,"08/09/2024, 1:44:47 PM",0.000000,
,com.sec.android.app.shealth,1,-14400000,,,73.000000,,0.000000,"08/09/2024, 3:50:31 PM",xtfbSOmziO,,,"08/09/2024, 3:50:31 PM",1e4728db-fd0a-dbf7-3ce7-2968fbc53bb5,"08/09/2024, 3:51:04 PM",,"08/09/2024, 3:51:04 PM",0.000000,
,com.sec.android.app.shealth,1,-14400000,,,72.000000,,0.000000,"08/09/2024, 6:01:33 PM",xtfbSOmziO,,,"08/09/2024, 6:01:33 PM",f65542db-a7f2-5a0d-1b7c-6f8f0c4778ad,"08/09/2024, 6:02:09 PM",,"08/09/2024, 6:02:09 PM",0.000000,
,com.sec.android.app.shealth,1,-14400000,,,66.000000,,0.000000,"08/10/2024, 6:50:49 AM",xtfbSOmziO,,,"08/10/2024, 6:50:49 AM",405f54cc-54b0-287f-f6a8-bf0ac2631a3c,"08/10/2024, 6:55:01 AM",,"08/10/2024, 6:55:01 AM",0.000000,
,com.sec.android.app.shealth,1,-14400000,,,65.000000,,0.000000,"08/10/2024, 7:50:58 AM",xtfbSOmziO,,,"08/10/2024, 7:50:58 AM",4bc97b7f-8224-8981-b45e-899b81af1e3b,"08/10/2024, 7:55:01 AM",,"08/10/2024, 7:55:01 AM",0.000000,
,com.sec.android.app.shealth,1,-14400000,,,66.000000,,0.000000,"08/10/2024, 8:20:34 AM",xtfbSOmziO,,,"08/10/2024, 8:20:34 AM",4a4c6f71-918d-0c6a-a7d4-3500598d24af,"08/10/2024, 8:21:16 AM",,"08/10/2024, 8:21:16 AM",0.000000,
,com.sec.android.app.shealth,1,-14400000,,,66.000000,,0.000000,"08/10/2024, 9:50:46 AM",xtfbSOmziO,,,"08/10/2024, 9:50:46 AM",71a9fd2f-403c-7841-bbe8-6a631bd66f41,"08/10/2024, 9:51:23 AM",,"08/10/2024, 9:51:23 AM",0.000000,
,com.sec.android.app.shealth,1,-14400000,,,88.000000,,0.000000,"08/11/2024, 10:51:10 AM",xtfbSOmziO,,,"08/11/2024, 10:51:10 AM",fa2a36be-ec0c-4044-4f04-439e1d63625d,"08/11/2024, 10:51:26 AM",,"08/11/2024, 10:51:26 AM",0.000000,
,com.sec.android.app.shealth,1,-14400000,,,73.000000,,0.000000,"08/12/2024, 12:50:29 PM",xtfbSOmziO,,,"08/12/2024, 12:50:29 PM",88d0baa0-b0dd-54f3-716f-80929fa14e53,"08/12/2024, 12:53:02 PM",,"08/12/2024, 12:53:02 PM",0.000000,
,com.sec.android.app.shealth,1,-14400000,,,68.000000,,0.000000,"08/13/2024, 11:51:29 AM",xtfbSOmziO,,,"08/13/2024, 11:51:29 AM",1e028358-807b-029b-ec66-aa63a5659fcb,"08/13/2024, 11:51:34 AM",,"08/13/2024, 11:51:34 AM",0.000000,
,com.sec.android.app.shealth,1,-14400000,,,84.000000,,0.000000,"08/13/2024, 2:22:31 PM",xtfbSOmziO,,,"08/13/2024, 2:22:31 PM",20c3dd3d-d446-64e5-77c5-4df9ef084121,"08/13/2024, 2:23:29 PM",,"08/13/2024, 2:23:29 PM",0.000000,
,com.sec.android.app.shealth,1,-14400000,8f7e61ff-9631-6899-9290-6d72c2c30489.binning_data,,143.000000,,144.000000,"08/05/2024, 9:00:00 AM",xtfbSOmziO,,,"08/05/2024, 9:59:59 AM",8f7e61ff-9631-6899-9290-6d72c2c30489,"08/05/2024, 7:46:05 PM",,"08/05/2024, 7:46:05 PM",142.000000,
,com.sec.android.app.shealth,1,-14400000,,,92.000000,,0.000000,"08/05/2024, 2:00:29 PM",xtfbSOmziO,,,"08/05/2024, 2:00:29 PM",edadfec2-1017-43c2-6ec0-aea497136302,"08/05/2024, 2:01:03 PM",,"08/05/2024, 2:01:03 PM",0.000000,
,com.sec.android.app.shealth,1,-14400000,,,91.000000,,0.000000,"08/05/2024, 3:51:28 PM",xtfbSOmziO,,,"08/05/2024, 3:51:28 PM",e18b1ed5-04b4-a233-a068-41134781b5a3,"08/05/2024, 3:53:11 PM",,"08/05/2024, 3:53:11 PM",0.000000,
,com.sec.android.app.shealth,1,-14400000,,,90.000000,,0.000000,"08/05/2024, 4:51:05 PM",xtfbSOmziO,,,"08/05/2024, 4:51:05 PM",018a01d2-4321-217a-2fba-cd43514d8d74,"08/05/2024, 4:52:06 PM",,"08/05/2024, 4:52:06 PM",0.000000,
,com.sec.android.app.shealth,1,-14400000,,,94.000000,,0.000000,"08/05/2024, 5:30:49 PM",xtfbSOmziO,,,"08/05/2024, 5:30:49 PM",18ac7871-6c53-7ebe-f5c0-0590c6116ee7,"08/05/2024, 5:32:03 PM",,"08/05/2024, 5:32:03 PM",0.000000,
,com.sec.android.app.shealth,1,-14400000,,,96.000000,,0.000000,"08/05/2024, 6:00:29 PM",xtfbSOmziO,,,"08/05/2024, 6:00:29 PM",7064eaaa-b0d7-0a34-e0a9-b8a838a36e58,"08/05/2024, 6:06:33 PM",,"08/05/2024, 6:06:33 PM",0.000000,
,com.sec.android.app.shealth,1,-14400000,,,60.000000,,0.000000,"08/06/2024, 6:40:29 AM",xtfbSOmziO,,,"08/06/2024, 6:40:29 AM",18064870-46e9-0a1d-019a-f29420ab8f64,"08/06/2024, 6:44:42 AM",,"08/06/2024, 6:44:42 AM",0.000000,
,com.sec.android.app.shealth,1,-14400000,,,58.000000,,0.000000,"08/06/2024, 7:10:29 AM",xtfbSOmziO,,,"08/06/2024, 7:10:29 AM",3685b76a-195a-7e21-e5d5-18aaeb446cc9,"08/06/2024, 7:12:52 AM",,"08/06/2024, 7:12:52 AM",0.000000,
,com.sec.android.app.shealth,1,-14400000,,,53.000000,,0.000000,"08/06/2024, 8:20:52 AM",xtfbSOmziO,,,"08/06/2024, 8:20:52 AM",aabfbb3d-928b-0191-e613-19b6ea57565c,"08/06/2024, 8:21:50 AM",,"08/06/2024, 8:21:50 AM",0.000000,
,com.sec.android.app.shealth,1,-14400000,,,55.000000,,0.000000,"08/06/2024, 9:00:29 AM",xtfbSOmziO,,,"08/06/2024, 9:00:29 AM",0ecd54f0-544b-877e-4b5a-eab1f18ccf71,"08/06/2024, 9:12:00 AM",,"08/06/2024, 9:12:00 AM",0.000000,
,com.sec.android.app.shealth,1,-14400000,,,82.000000,,0.000000,"07/31/2024, 2:41:07 PM",xtfbSOmziO,,,"07/31/2024, 2:41:07 PM",46dcbce9-e2a7-80a0-f342-4bc4f42d3124,"07/31/2024, 2:41:41 PM",,"07/31/2024, 2:41:41 PM",0.000000,
,com.sec.android.app.shealth,1,-14400000,,,93.000000,,0.000000,"07/31/2024, 3:40:49 PM",xtfbSOmziO,,,"07/31/2024, 3:40:49 PM",9ccb2aff-d279-e292-2bdc-0c961520d0cc,"07/31/2024, 3:41:36 PM",,"07/31/2024, 3:41:36 PM",0.000000,
,com.sec.android.app.shealth,1,-14400000,,,83.000000,,0.000000,"07/31/2024, 4:50:29 PM",xtfbSOmziO,,,"07/31/2024, 4:50:29 PM",c105838b-9302-0bfd-d0b3-b77eae5fa201,"07/31/2024, 4:51:42 PM",,"07/31/2024, 4:51:42 PM",0.000000,
,com.sec.android.app.shealth,1,-14400000,,,77.000000,,0.000000,"07/31/2024, 6:51:21 PM",xtfbSOmziO,,,"07/31/2024, 6:51:21 PM",763e048e-b32e-ecda-d6ca-068cf0cabc70,"07/31/2024, 6:55:00 PM",,"07/31/2024, 6:55:00 PM",0.000000,
,com.sec.android.app.shealth,1,-14400000,,,71.000000,,0.000000,"07/31/2024, 7:00:29 PM",xtfbSOmziO,,,"07/31/2024, 7:00:29 PM",b1528d12-d86e-629e-8a56-499b5b6bda28,"07/31/2024, 7:07:42 PM",,"07/31/2024, 7:07:42 PM",0.000000,
,com.sec.android.app.shealth,1,-14400000,,,64.000000,,0.000000,"08/01/2024, 4:40:29 AM",xtfbSOmziO,,,"08/01/2024, 4:40:29 AM",beb0e295-b62d-04c7-2d27-d938ebcb91a9,"08/01/2024, 4:42:21 AM",,"08/01/2024, 4:42:21 AM",0.000000,
,com.sec.android.app.shealth,1,-14400000,,,66.000000,,0.000000,"08/01/2024, 6:30:29 AM",xtfbSOmziO,,,"08/01/2024, 6:30:29 AM",8d745412-280b-1fea-cac8-a47623309b56,"08/01/2024, 6:32:31 AM",,"08/01/2024, 6:32:31 AM",0.000000,
,com.sec.android.app.shealth,1,-14400000,,,74.000000,,0.000000,"08/01/2024, 7:11:15 AM",xtfbSOmziO,,,"08/01/2024, 7:11:15 AM",e94a05ac-3833-4757-a1a2-5e4d8b770991,"08/01/2024, 7:12:45 AM",,"08/01/2024, 7:12:45 AM",0.000000,
,com.sec.android.app.shealth,1,-14400000,,,73.000000,,0.000000,"08/01/2024, 10:50:29 AM",xtfbSOmziO,,,"08/01/2024, 10:50:29 AM",c549d915-0fce-c7b0-23c4-f01a0bd1cd98,"08/01/2024, 10:54:59 AM",,"08/01/2024, 10:54:59 AM",0.000000,
,com.sec.android.app.shealth,1,-14400000,,,74.000000,,0.000000,"08/01/2024, 12:52:15 PM",xtfbSOmziO,,,"08/01/2024, 12:52:15 PM",d602ccba-96b7-1c7d-fbb9-dea6cb44cfbc,"08/01/2024, 12:53:14 PM",,"08/01/2024, 12:53:14 PM",0.000000,
,com.sec.android.app.shealth,1,-14400000,,,63.000000,,0.000000,"08/01/2024, 1:40:29 PM",xtfbSOmziO,,,"08/01/2024, 1:40:29 PM",12c2dadb-503b-f6fc-5900-15b3499c59ea,"08/01/2024, 1:40:47 PM",,"08/01/2024, 1:40:47 PM",0.000000,
,com.sec.android.app.shealth,1,-14400000,,,58.000000,,0.000000,"08/01/2024, 2:20:29 PM",xtfbSOmziO,,,"08/01/2024, 2:20:29 PM",8b85cb26-8b4b-f6b8-d9f2-32ccc49a66ef,"08/01/2024, 2:22:55 PM",,"08/01/2024, 2:22:55 PM",0.000000,
,com.sec.android.app.shealth,1,-14400000,,,60.000000,,0.000000,"08/01/2024, 3:10:51 PM",xtfbSOmziO,,,"08/01/2024, 3:10:51 PM",5849c077-b48f-c170-efeb-7ce14aff5f12,"08/01/2024, 3:14:53 PM",,"08/01/2024, 3:14:53 PM",0.000000,
,com.sec.android.app.shealth,1,-14400000,,,66.000000,,0.000000,"08/02/2024, 3:40:29 PM",xtfbSOmziO,,,"08/02/2024, 3:40:29 PM",bdbe67b1-bbcd-74be-4099-d9b8cdb1d90b,"08/02/2024, 3:40:49 PM",,"08/02/2024, 3:40:49 PM",0.000000,
,com.sec.android.app.shealth,1,-14400000,,,63.000000,,0.000000,"08/02/2024, 4:30:52 PM",xtfbSOmziO,,,"08/02/2024, 4:30:52 PM",3c45f548-9de4-8ddf-e4be-e136c287f5ae,"08/02/2024, 4:35:00 PM",,"08/02/2024, 4:35:00 PM",0.000000,
,com.sec.android.app.shealth,1,-14400000,,,70.000000,,0.000000,"08/02/2024, 5:30:29 PM",xtfbSOmziO,,,"08/02/2024, 5:30:29 PM",d2394b2a-ca62-55b8-5e98-1aac660d5959,"08/02/2024, 5:30:35 PM",,"08/02/2024, 5:30:35 PM",0.000000,
,com.sec.android.app.shealth,1,-14400000,,,55.000000,,0.000000,"08/02/2024, 6:51:25 PM",xtfbSOmziO,,,"08/02/2024, 6:51:25 PM",1b2c3ddf-2e05-c74c-26ab-1e619334aba8,"08/02/2024, 6:52:52 PM",,"08/02/2024, 6:52:52 PM",0.000000,
,com.sec.android.app.shealth,1,-14400000,,,48.000000,,0.000000,"08/02/2024, 7:30:49 PM",xtfbSOmziO,,,"08/02/2024, 7:30:49 PM",8b62e963-7388-8abf-4cd3-e71b2a73cfee,"08/02/2024, 7:35:00 PM",,"08/02/2024, 7:35:00 PM",0.000000,
,com.sec.android.app.shealth,1,-14400000,,,76.000000,,0.000000,"08/02/2024, 11:30:29 PM",xtfbSOmziO,,,"08/02/2024, 11:30:29 PM",d47e3bf2-61e1-0514-265b-3f7a9cb3d623,"08/02/2024, 11:34:59 PM",,"08/02/2024, 11:34:59 PM",0.000000,
,com.sec.android.app.shealth,1,-14400000,,,78.000000,,0.000000,"08/03/2024, 4:30:29 AM",xtfbSOmziO,,,"08/03/2024, 4:30:29 AM",02bc2822-0c99-269d-858a-b2dc41516469,"08/03/2024, 4:32:05 AM",,"08/03/2024, 4:32:05 AM",0.000000,
,com.sec.android.app.shealth,1,-14400000,,,58.000000,,0.000000,"08/03/2024, 5:40:29 AM",xtfbSOmziO,,,"08/03/2024, 5:40:29 AM",ae3072e2-5154-1f30-c52d-227630e76b88,"08/03/2024, 5:40:45 AM",,"08/03/2024, 5:40:45 AM",0.000000,
,com.sec.android.app.shealth,1,-14400000,,,52.000000,,0.000000,"08/03/2024, 6:30:29 AM",xtfbSOmziO,,,"08/03/2024, 6:30:29 AM",d4f85aa4-3962-6ef7-7ca4-4eb6e6e82efd,"08/03/2024, 6:31:57 AM",,"08/03/2024, 6:31:57 AM",0.000000,
,com.sec.android.app.shealth,1,-14400000,,,51.000000,,0.000000,"08/03/2024, 7:30:58 AM",xtfbSOmziO,,,"08/03/2024, 7:30:58 AM",b7fab9ec-2b19-40f8-17bc-941402ee4bb9,"08/03/2024, 7:32:55 AM",,"08/03/2024, 7:32:55 AM",0.000000,
,com.sec.android.app.shealth,1,-14400000,,,65.000000,,0.000000,"08/03/2024, 8:10:45 AM",xtfbSOmziO,,,"08/03/2024, 8:10:45 AM",bf0029f7-9b33-e190-77e1-93056edefe41,"08/03/2024, 8:12:24 AM",,"08/03/2024, 8:12:24 AM",0.000000,
,com.sec.android.app.shealth,1,-14400000,,,61.000000,,0.000000,"08/03/2024, 9:10:42 AM",xtfbSOmziO,,,"08/03/2024, 9:10:42 AM",8aa4fdc3-a7d0-ab9e-c630-b3fe65d3d892,"08/03/2024, 9:11:25 AM",,"08/03/2024, 9:11:25 AM",0.000000,
,com.sec.android.app.shealth,1,-14400000,,,57.000000,,0.000000,"08/04/2024, 6:40:44 AM",xtfbSOmziO,,,"08/04/2024, 6:40:44 AM",89d1185a-b960-1ea7-e3fb-173e1317a15f,"08/04/2024, 6:44:42 AM",,"08/04/2024, 6:44:42 AM",0.000000,
,com.sec.android.app.shealth,1,-14400000,,,62.000000,,0.000000,"08/04/2024, 7:20:45 AM",xtfbSOmziO,,,"08/04/2024, 7:20:45 AM",82883899-8c53-3183-d4a5-1147809282bf,"08/04/2024, 7:24:08 AM",,"08/04/2024, 7:24:08 AM",0.000000,
,com.sec.android.app.shealth,1,-14400000,,,61.000000,,0.000000,"08/04/2024, 8:20:29 AM",xtfbSOmziO,,,"08/04/2024, 8:20:29 AM",eb2db288-e537-a42e-ca4a-44c72d930dab,"08/04/2024, 8:24:24 AM",,"08/04/2024, 8:24:24 AM",0.000000,
,com.sec.android.app.shealth,1,-14400000,,,77.000000,,0.000000,"08/04/2024, 4:50:29 PM",xtfbSOmziO,,,"08/04/2024, 4:50:29 PM",c3d688de-aaa9-64ef-3aea-2c8f71874bc2,"08/04/2024, 4:51:30 PM",,"08/04/2024, 4:51:30 PM",0.000000,
,com.sec.android.app.shealth,1,-14400000,,,73.000000,,0.000000,"08/04/2024, 6:30:29 PM",xtfbSOmziO,,,"08/04/2024, 6:30:29 PM",48751953-9f43-4c74-4fc6-9e2ad9e3206d,"08/04/2024, 6:30:53 PM",,"08/04/2024, 6:30:53 PM",0.000000,
,com.sec.android.app.shealth,1,-14400000,,,72.000000,,0.000000,"08/04/2024, 7:20:31 PM",xtfbSOmziO,,,"08/04/2024, 7:20:31 PM",e8f3e736-b916-1d62-7ad0-0e4e0da624bd,"08/04/2024, 7:34:07 PM",,"08/04/2024, 7:34:07 PM",0.000000,
,com.sec.android.app.shealth,1,-14400000,,,70.000000,,0.000000,"08/04/2024, 8:00:49 PM",xtfbSOmziO,,,"08/04/2024, 8:00:49 PM",a288b10d-d830-f123-0489-8b78dba803ae,"08/04/2024, 8:04:43 PM",,"08/04/2024, 8:04:43 PM",0.000000,
,com.sec.android.app.shealth,1,-14400000,,,59.000000,,0.000000,"08/05/2024, 7:00:42 AM",xtfbSOmziO,,,"08/05/2024, 7:00:42 AM",c3a6a5c0-1a48-9a77-b6c7-775a8b034a53,"08/05/2024, 7:04:41 AM",,"08/05/2024, 7:04:41 AM",0.000000,
,com.sec.android.app.shealth,1,-14400000,,,83.000000,,0.000000,"08/05/2024, 8:50:29 AM",xtfbSOmziO,,,"08/05/2024, 8:50:29 AM",c82c6dd8-0758-56de-4c77-622cf28b56ad,"08/05/2024, 8:55:01 AM",,"08/05/2024, 8:55:01 AM",0.000000,
,com.sec.android.app.shealth,1,-14400000,,,94.000000,,0.000000,"08/05/2024, 9:00:53 AM",xtfbSOmziO,,,"08/05/2024, 9:00:53 AM",9e07076a-dc2e-d5f0-28d9-123b79f2897d,"08/05/2024, 9:01:41 AM",,"08/05/2024, 9:01:41 AM",0.000000,
,com.sec.android.app.shealth,1,-14400000,,,60.000000,,0.000000,"08/05/2024, 9:50:16 AM",xtfbSOmziO,,,"08/05/2024, 9:50:16 AM",fd855094-56d9-af06-d57b-776895a26374,"08/05/2024, 9:50:17 AM",,"08/05/2024, 9:50:17 AM",0.000000,
,com.sec.android.app.shealth,1,-25200000,,,65.000000,,0.000000,"08/30/2024, 9:50:29 AM",xtfbSOmziO,,,"08/30/2024, 9:50:29 AM",42ea5615-dfe6-1d82-da15-6609c1abdc42,"08/30/2024, 9:53:38 AM",,"08/30/2024, 9:53:38 AM",0.000000,
,com.sec.android.app.shealth,1,-25200000,,,63.000000,,0.000000,"08/30/2024, 10:20:50 AM",xtfbSOmziO,,,"08/30/2024, 10:20:50 AM",4d6afa45-d321-77fc-c898-939f5a7fd4ba,"08/30/2024, 10:26:24 AM",,"08/30/2024, 10:26:24 AM",0.000000,
,com.sec.android.app.shealth,1,-25200000,,,82.000000,,0.000000,"08/30/2024, 11:30:29 AM",xtfbSOmziO,,,"08/30/2024, 11:30:29 AM",39f95f34-5e4c-f527-f257-1a20af0ec355,"08/30/2024, 11:34:48 AM",,"08/30/2024, 11:34:48 AM",0.000000,
,com.sec.android.app.shealth,1,-25200000,,,67.000000,,0.000000,"08/30/2024, 1:02:03 PM",xtfbSOmziO,,,"08/30/2024, 1:02:03 PM",5984e8f9-d263-d2ec-f034-2ba0ea86b394,"08/30/2024, 1:05:56 PM",,"08/30/2024, 1:05:56 PM",0.000000,
,com.sec.android.app.shealth,1,-25200000,,,57.000000,,0.000000,"08/30/2024, 2:41:17 PM",xtfbSOmziO,,,"08/30/2024, 2:41:17 PM",82579202-08c3-8a05-c813-7dcae1a005f6,"08/30/2024, 2:41:55 PM",,"08/30/2024, 2:41:55 PM",0.000000,
,com.sec.android.app.shealth,1,-25200000,,,61.000000,,0.000000,"08/30/2024, 4:50:33 PM",xtfbSOmziO,,,"08/30/2024, 4:50:33 PM",9efe1fad-a365-4662-0d6b-6c17a3e8b7de,"08/30/2024, 4:55:01 PM",,"08/30/2024, 4:55:01 PM",0.000000,
,com.sec.android.app.shealth,1,-25200000,,,71.000000,,0.000000,"08/30/2024, 5:50:29 PM",xtfbSOmziO,,,"08/30/2024, 5:50:29 PM",d7c0182b-519b-959c-303e-d05349ffe9cd,"08/30/2024, 5:54:44 PM",,"08/30/2024, 5:54:44 PM",0.000000,
,com.sec.android.app.shealth,1,-25200000,,,77.000000,,0.000000,"08/30/2024, 6:50:29 PM",xtfbSOmziO,,,"08/30/2024, 6:50:29 PM",94c4d7d3-1a91-e262-25ef-f9c72b1c0b27,"08/30/2024, 6:55:01 PM",,"08/30/2024, 6:55:01 PM",0.000000,
,com.sec.android.app.shealth,1,-25200000,,,89.000000,,0.000000,"08/30/2024, 7:40:29 PM",xtfbSOmziO,,,"08/30/2024, 7:40:29 PM",a96c8b4c-25f6-a1fe-7fcf-7105b87f61b6,"08/30/2024, 7:54:59 PM",,"08/30/2024, 7:54:59 PM",0.000000,
,com.sec.android.app.shealth,1,-25200000,,,81.000000,,0.000000,"08/31/2024, 9:51:21 AM",xtfbSOmziO,,,"08/31/2024, 9:51:21 AM",f8bf89a5-a58a-7e31-0c22-84a1f508d981,"08/31/2024, 9:53:52 AM",,"08/31/2024, 9:53:52 AM",0.000000,
,com.sec.android.app.shealth,1,-25200000,,,82.000000,,0.000000,"09/03/2024, 11:51:35 AM",xtfbSOmziO,,,"09/03/2024, 11:51:35 AM",3af6d083-1994-869c-be95-1d4ca21e85bd,"09/03/2024, 11:53:39 AM",,"09/03/2024, 11:53:39 AM",0.000000,
,com.sec.android.app.shealth,1,-25200000,,,82.000000,,0.000000,"09/03/2024, 12:30:29 PM",xtfbSOmziO,,,"09/03/2024, 12:30:29 PM",70e21380-ca4a-f5e2-9572-edd1edacc25e,"09/03/2024, 12:30:29 PM",,"09/03/2024, 12:30:29 PM",0.000000,
,com.sec.android.app.shealth,1,-25200000,,,76.000000,,0.000000,"10/31/2024, 2:10:29 PM",xtfbSOmziO,,,"10/31/2024, 2:10:29 PM",fc0cfe05-8ef8-4b4e-35b9-d04b1a24ac92,"10/31/2024, 2:11:08 PM",,"10/31/2024, 2:11:08 PM",0.000000,
,com.sec.android.app.shealth,1,-25200000,,,87.000000,,0.000000,"10/31/2024, 6:52:17 PM",xtfbSOmziO,,,"10/31/2024, 6:52:17 PM",ce10675d-5ab2-181c-35c6-d274a8349bb5,"10/31/2024, 6:52:56 PM",,"10/31/2024, 6:52:56 PM",0.000000,
,com.sec.android.app.shealth,1,-25200000,,,60.000000,,0.000000,"11/01/2024, 1:10:29 PM",xtfbSOmziO,,,"11/01/2024, 1:10:29 PM",474ba35e-c343-51d8-5d15-72a7c8533ace,"11/01/2024, 1:11:25 PM",,"11/01/2024, 1:11:25 PM",0.000000,
,com.sec.android.app.shealth,1,-25200000,,,83.000000,,0.000000,"11/01/2024, 2:10:34 PM",xtfbSOmziO,,,"11/01/2024, 2:10:34 PM",4d0209b8-62c1-969c-b51d-6168a3c7f595,"11/01/2024, 2:12:37 PM",,"11/01/2024, 2:12:37 PM",0.000000,
,com.sec.android.app.shealth,1,-25200000,,,64.000000,,0.000000,"11/01/2024, 3:01:03 PM",xtfbSOmziO,,,"11/01/2024, 3:01:03 PM",ad889c0e-c5f8-be59-bfae-51b757281526,"11/01/2024, 3:08:05 PM",,"11/01/2024, 3:08:05 PM",0.000000,
,com.sec.android.app.shealth,1,-25200000,,,70.000000,,0.000000,"11/02/2024, 12:31:06 PM",xtfbSOmziO,,,"11/02/2024, 12:31:06 PM",52ea30f7-bc54-524b-c471-bb4545f18de7,"11/02/2024, 12:35:01 PM",,"11/02/2024, 12:35:01 PM",0.000000,
,com.sec.android.app.shealth,1,-25200000,,,65.000000,,0.000000,"11/02/2024, 1:30:29 PM",xtfbSOmziO,,,"11/02/2024, 1:30:29 PM",5191dbd8-df2b-0191-0af8-2a1ff341f022,"11/02/2024, 1:30:56 PM",,"11/02/2024, 1:30:56 PM",0.000000,
,com.sec.android.app.shealth,1,-25200000,,,71.000000,,0.000000,"11/02/2024, 5:53:23 PM",xtfbSOmziO,,,"11/02/2024, 5:53:23 PM",affa888c-fb8f-ee2a-6fa7-05fa5dcf2b90,"11/02/2024, 5:53:42 PM",,"11/02/2024, 5:53:42 PM",0.000000,
,com.sec.android.app.shealth,1,-28800000,,,66.000000,,0.000000,"11/03/2024, 1:40:32 PM",xtfbSOmziO,,,"11/03/2024, 1:40:32 PM",a06c4303-7682-2483-2887-61922cf2b5a6,"11/03/2024, 1:40:35 PM",,"11/03/2024, 1:40:35 PM",0.000000,
,com.sec.android.app.shealth,1,-28800000,,,61.000000,,0.000000,"11/03/2024, 2:00:36 PM",xtfbSOmziO,,,"11/03/2024, 2:00:36 PM",cb32067a-50ea-71e9-5a98-c55f4bf28f11,"11/03/2024, 2:01:48 PM",,"11/03/2024, 2:01:48 PM",0.000000,
,com.sec.android.app.shealth,1,-28800000,,,67.000000,,0.000000,"11/04/2024, 9:50:45 AM",xtfbSOmziO,,,"11/04/2024, 9:50:45 AM",c9a60caa-728b-0790-f88a-f7e1393666b3,"11/04/2024, 9:52:01 AM",,"11/04/2024, 9:52:01 AM",0.000000,
,com.sec.android.app.shealth,1,-28800000,,,65.000000,,0.000000,"11/04/2024, 10:41:27 AM",xtfbSOmziO,,,"11/04/2024, 10:41:27 AM",6bf04618-fa56-7db6-0d14-a9604a2ced28,"11/04/2024, 10:42:18 AM",,"11/04/2024, 10:42:18 AM",0.000000,
,com.sec.android.app.shealth,1,-28800000,,,83.000000,,0.000000,"11/04/2024, 11:50:29 AM",xtfbSOmziO,,,"11/04/2024, 11:50:29 AM",2b9caaa6-33ca-504f-58b0-aa3cf5eab49d,"11/04/2024, 11:55:00 AM",,"11/04/2024, 11:55:00 AM",0.000000,
,com.sec.android.app.shealth,1,-28800000,,,79.000000,,0.000000,"11/04/2024, 12:00:29 PM",xtfbSOmziO,,,"11/04/2024, 12:00:29 PM",67149b72-cad6-1d9c-decf-624899848522,"11/04/2024, 12:15:00 PM",,"11/04/2024, 12:15:00 PM",0.000000,
,com.sec.android.app.shealth,1,-28800000,,,87.000000,,0.000000,"11/05/2024, 3:20:28 PM",xtfbSOmziO,,,"11/05/2024, 3:20:28 PM",7ddc46ac-3d95-eebe-2bfd-ea286bde751b,"11/05/2024, 3:20:28 PM",,"11/05/2024, 3:20:28 PM",0.000000,
,com.sec.android.app.shealth,1,-25200000,,,63.000000,,0.000000,"10/30/2024, 4:40:50 PM",xtfbSOmziO,,,"10/30/2024, 4:40:50 PM",8b988885-1cfc-1086-3744-c0bc91c69708,"10/30/2024, 4:47:20 PM",,"10/30/2024, 4:47:20 PM",0.000000,
,com.sec.android.app.shealth,1,-25200000,,,70.000000,,0.000000,"10/30/2024, 6:00:29 PM",xtfbSOmziO,,,"10/30/2024, 6:00:29 PM",7d3a7ec1-8ff1-8d62-298f-ef428f87067e,"10/30/2024, 6:00:38 PM",,"10/30/2024, 6:00:38 PM",0.000000,
,com.sec.android.app.shealth,1,-25200000,,,86.000000,,0.000000,"10/30/2024, 9:40:29 PM",xtfbSOmziO,,,"10/30/2024, 9:40:29 PM",8f7d4f28-1cfe-2b11-7e43-ffeea240feb5,"10/30/2024, 9:55:01 PM",,"10/30/2024, 9:55:01 PM",0.000000,
,com.sec.android.app.shealth,1,-25200000,,,86.000000,,0.000000,"10/30/2024, 10:00:29 PM",xtfbSOmziO,,,"10/30/2024, 10:00:29 PM",6794e803-4317-2acf-528a-228f02611a46,"10/30/2024, 10:15:01 PM",,"10/30/2024, 10:15:01 PM",0.000000,
,com.sec.android.app.shealth,1,-25200000,,,88.000000,,0.000000,"10/29/2024, 3:50:29 PM",xtfbSOmziO,,,"10/29/2024, 3:50:29 PM",94304d04-76f1-6858-281f-3f9ed73c3aa6,"10/29/2024, 3:55:00 PM",,"10/29/2024, 3:55:00 PM",0.000000,
,com.sec.android.app.shealth,1,-25200000,,,84.000000,,0.000000,"10/29/2024, 4:30:29 PM",xtfbSOmziO,,,"10/29/2024, 4:30:29 PM",4842d739-288d-fdfb-6537-ce7b8ffc8c79,"10/29/2024, 4:35:00 PM",,"10/29/2024, 4:35:00 PM",0.000000,
,com.sec.android.app.shealth,1,-25200000,,,60.000000,,0.000000,"10/23/2024, 2:50:54 PM",xtfbSOmziO,,,"10/23/2024, 2:50:54 PM",0d0a8408-fce7-5755-f18d-88179cf4c095,"10/23/2024, 2:51:18 PM",,"10/23/2024, 2:51:18 PM",0.000000,
,com.sec.android.app.shealth,1,-25200000,,,72.000000,,0.000000,"10/23/2024, 6:00:29 PM",xtfbSOmziO,,,"10/23/2024, 6:00:29 PM",45ef683c-5080-c1db-a52c-415400c3f830,"10/23/2024, 6:01:22 PM",,"10/23/2024, 6:01:22 PM",0.000000,
,com.sec.android.app.shealth,1,-25200000,,,78.000000,,0.000000,"10/23/2024, 7:30:29 PM",xtfbSOmziO,,,"10/23/2024, 7:30:29 PM",1c929717-2b73-ff2a-c45d-1a9554d4f321,"10/23/2024, 7:33:12 PM",,"10/23/2024, 7:33:12 PM",0.000000,
,com.sec.android.app.shealth,1,-25200000,,,70.000000,,0.000000,"10/24/2024, 1:30:30 PM",xtfbSOmziO,,,"10/24/2024, 1:30:30 PM",d7885ad0-1efe-e287-f7c9-16b435d60d31,"10/24/2024, 1:33:12 PM",,"10/24/2024, 1:33:12 PM",0.000000,
,com.sec.android.app.shealth,1,-25200000,,,77.000000,,0.000000,"10/24/2024, 2:31:37 PM",xtfbSOmziO,,,"10/24/2024, 2:31:37 PM",88195b37-e235-340d-7f8c-09e020fd7bb6,"10/24/2024, 2:34:37 PM",,"10/24/2024, 2:34:37 PM",0.000000,
,com.sec.android.app.shealth,1,-25200000,,,78.000000,,0.000000,"10/24/2024, 3:31:27 PM",xtfbSOmziO,,,"10/24/2024, 3:31:27 PM",7a7593ac-5297-cd80-2781-e8bd1bac163b,"10/24/2024, 3:33:06 PM",,"10/24/2024, 3:33:06 PM",0.000000,
,com.sec.android.app.shealth,1,-25200000,,,66.000000,,0.000000,"10/24/2024, 5:31:07 PM",xtfbSOmziO,,,"10/24/2024, 5:31:07 PM",46027458-bdc3-0ca6-5d5c-9ae2877b95c9,"10/24/2024, 5:31:54 PM",,"10/24/2024, 5:31:54 PM",0.000000,
,com.sec.android.app.shealth,1,-25200000,,,65.000000,,0.000000,"10/24/2024, 6:51:28 PM",xtfbSOmziO,,,"10/24/2024, 6:51:28 PM",2f502af5-dd58-3310-43ae-0c431ee9c924,"10/24/2024, 6:52:07 PM",,"10/24/2024, 6:52:07 PM",0.000000,
,com.sec.android.app.shealth,1,-25200000,,,64.000000,,0.000000,"10/24/2024, 7:01:10 PM",xtfbSOmziO,,,"10/24/2024, 7:01:10 PM",914b7e02-209a-4eaf-c623-19fda0fce4fa,"10/24/2024, 7:02:04 PM",,"10/24/2024, 7:02:04 PM",0.000000,
,com.sec.android.app.shealth,1,-25200000,,,57.000000,,0.000000,"10/24/2024, 8:12:17 PM",xtfbSOmziO,,,"10/24/2024, 8:12:17 PM",d408e69a-ca0b-7725-cbae-e46aec245f1d,"10/24/2024, 8:14:51 PM",,"10/24/2024, 8:14:51 PM",0.000000,
,com.sec.android.app.shealth,1,-25200000,,,65.000000,,0.000000,"10/25/2024, 1:31:15 PM",xtfbSOmziO,,,"10/25/2024, 1:31:15 PM",5c532c3c-0dfb-9e34-47ac-396859ca7409,"10/25/2024, 1:33:19 PM",,"10/25/2024, 1:33:19 PM",0.000000,
,com.sec.android.app.shealth,1,-25200000,,,60.000000,,0.000000,"10/25/2024, 3:30:36 PM",xtfbSOmziO,,,"10/25/2024, 3:30:36 PM",0da8d87d-7788-7f78-a889-9671063df82d,"10/25/2024, 3:32:19 PM",,"10/25/2024, 3:32:19 PM",0.000000,
,com.sec.android.app.shealth,1,-25200000,,,53.000000,,0.000000,"10/25/2024, 4:50:35 PM",xtfbSOmziO,,,"10/25/2024, 4:50:35 PM",4fbb38d4-209d-f666-04fc-c4a5aeea3a91,"10/25/2024, 4:52:43 PM",,"10/25/2024, 4:52:43 PM",0.000000,
,com.sec.android.app.shealth,1,-25200000,,,79.000000,,0.000000,"10/25/2024, 6:50:53 PM",xtfbSOmziO,,,"10/25/2024, 6:50:53 PM",f37b33c6-dbff-098c-d4c7-fa5ead688b7d,"10/25/2024, 6:55:01 PM",,"10/25/2024, 6:55:01 PM",0.000000,
,com.sec.android.app.shealth,1,-25200000,,,62.000000,,0.000000,"10/25/2024, 7:21:42 PM",xtfbSOmziO,,,"10/25/2024, 7:21:42 PM",5a69d90e-439a-14e9-349b-477b158689e2,"10/25/2024, 7:24:19 PM",,"10/25/2024, 7:24:19 PM",0.000000,
,com.sec.android.app.shealth,1,-25200000,,,86.000000,,0.000000,"10/25/2024, 8:30:29 PM",xtfbSOmziO,,,"10/25/2024, 8:30:29 PM",b39d8ad4-ac9b-8311-1c2b-b655ddf67b82,"10/25/2024, 8:35:00 PM",,"10/25/2024, 8:35:00 PM",0.000000,
,com.sec.android.app.shealth,1,-25200000,,,87.000000,,0.000000,"10/25/2024, 9:10:29 PM",xtfbSOmziO,,,"10/25/2024, 9:10:29 PM",c770f1b1-17a6-8751-dd45-54fb0f1f1a7e,"10/25/2024, 9:15:00 PM",,"10/25/2024, 9:15:00 PM",0.000000,
,com.sec.android.app.shealth,1,-25200000,,,80.000000,,0.000000,"10/26/2024, 7:52:46 AM",xtfbSOmziO,,,"10/26/2024, 7:52:46 AM",40a6b047-771e-c05e-566c-4c947d68207a,"10/26/2024, 7:53:44 AM",,"10/26/2024, 7:53:44 AM",0.000000,
,com.sec.android.app.shealth,1,-25200000,,,89.000000,,0.000000,"10/26/2024, 8:51:26 AM",xtfbSOmziO,,,"10/26/2024, 8:51:26 AM",15aee67e-cd30-2879-855b-901175bf1624,"10/26/2024, 8:55:00 AM",,"10/26/2024, 8:55:00 AM",0.000000,
,com.sec.android.app.shealth,1,-25200000,,,71.000000,,0.000000,"10/26/2024, 10:21:19 AM",xtfbSOmziO,,,"10/26/2024, 10:21:19 AM",efe9578b-71ab-c585-3fde-8b7e42f8e754,"10/26/2024, 10:22:18 AM",,"10/26/2024, 10:22:18 AM",0.000000,
,com.sec.android.app.shealth,1,-25200000,,,82.000000,,0.000000,"10/26/2024, 12:50:29 PM",xtfbSOmziO,,,"10/26/2024, 12:50:29 PM",5c6247ae-f830-84f7-13dd-9237e69274de,"10/26/2024, 12:50:59 PM",,"10/26/2024, 12:50:59 PM",0.000000,
,com.sec.android.app.shealth,1,-25200000,,,63.000000,,0.000000,"10/28/2024, 6:11:50 PM",xtfbSOmziO,,,"10/28/2024, 6:11:50 PM",5a4ac8eb-2a4b-fe21-3723-df91716b77ad,"10/28/2024, 6:12:45 PM",,"10/28/2024, 6:12:45 PM",0.000000,
,com.sec.android.app.shealth,1,-25200000,,,63.000000,,0.000000,"10/28/2024, 8:40:29 PM",xtfbSOmziO,,,"10/28/2024, 8:40:29 PM",fbb09ff8-eafe-ef6e-740e-d9c3f07bc298,"10/28/2024, 8:41:00 PM",,"10/28/2024, 8:41:00 PM",0.000000,
,com.sec.android.app.shealth,1,-25200000,,,85.000000,,0.000000,"10/29/2024, 11:50:29 AM",xtfbSOmziO,,,"10/29/2024, 11:50:29 AM",595ad192-b2b3-8417-f2b9-bb838ff48e30,"10/29/2024, 11:55:00 AM",,"10/29/2024, 11:55:00 AM",0.000000,
,com.sec.android.app.shealth,1,-25200000,,,86.000000,,0.000000,"10/29/2024, 12:10:29 PM",xtfbSOmziO,,,"10/29/2024, 12:10:29 PM",0eedee4a-bc6e-f97e-e059-8926d5198be1,"10/29/2024, 12:15:00 PM",,"10/29/2024, 12:15:00 PM",0.000000,
,com.sec.android.app.shealth,1,-25200000,,,83.000000,,0.000000,"10/18/2024, 6:30:29 PM",xtfbSOmziO,,,"10/18/2024, 6:30:29 PM",15c1765a-cf97-2f69-092e-6b02d2b9762e,"10/18/2024, 6:35:00 PM",,"10/18/2024, 6:35:00 PM",0.000000,
,com.sec.android.app.shealth,1,-25200000,,,84.000000,,0.000000,"10/18/2024, 7:10:29 PM",xtfbSOmziO,,,"10/18/2024, 7:10:29 PM",9e094ed2-e691-599c-5831-c998037b9bee,"10/18/2024, 7:15:00 PM",,"10/18/2024, 7:15:00 PM",0.000000,
,com.sec.android.app.shealth,1,-25200000,,,72.000000,,0.000000,"10/19/2024, 9:40:29 AM",xtfbSOmziO,,,"10/19/2024, 9:40:29 AM",e6d35576-76d2-344b-277a-6bab917dfdd0,"10/19/2024, 9:41:16 AM",,"10/19/2024, 9:41:16 AM",0.000000,
,com.sec.android.app.shealth,1,-25200000,,,78.000000,,0.000000,"10/19/2024, 10:50:54 AM",xtfbSOmziO,,,"10/19/2024, 10:50:54 AM",cea0d298-6345-cfbc-e790-e718775cf05e,"10/19/2024, 10:55:00 AM",,"10/19/2024, 10:55:00 AM",0.000000,
,com.sec.android.app.shealth,1,-25200000,,,81.000000,,0.000000,"10/19/2024, 11:30:29 AM",xtfbSOmziO,,,"10/19/2024, 11:30:29 AM",031c987e-86c7-7766-a18f-2bd5d37d56c5,"10/19/2024, 11:35:00 AM",,"10/19/2024, 11:35:00 AM",0.000000,
,com.sec.android.app.shealth,1,-25200000,,,70.000000,,0.000000,"10/20/2024, 10:02:08 AM",xtfbSOmziO,,,"10/20/2024, 10:02:08 AM",2355099e-d074-725a-68b2-20dbaeb3d46e,"10/20/2024, 10:14:50 AM",,"10/20/2024, 10:14:50 AM",0.000000,
,com.sec.android.app.shealth,1,-25200000,,,72.000000,,0.000000,"10/20/2024, 1:11:30 PM",xtfbSOmziO,,,"10/20/2024, 1:11:30 PM",24afc80a-0d05-1039-4ed4-0c5f3523b1b8,"10/20/2024, 1:12:34 PM",,"10/20/2024, 1:12:34 PM",0.000000,
,com.sec.android.app.shealth,1,-25200000,,,87.000000,,0.000000,"10/21/2024, 8:50:29 PM",xtfbSOmziO,,,"10/21/2024, 8:50:29 PM",f7156f30-704f-f901-655c-7191b083d536,"10/21/2024, 8:55:00 PM",,"10/21/2024, 8:55:00 PM",0.000000,
,com.sec.android.app.shealth,1,-25200000,,,84.000000,,0.000000,"10/22/2024, 12:20:29 PM",xtfbSOmziO,,,"10/22/2024, 12:20:29 PM",73723c62-9da2-39ba-b268-ae1268ad3e77,"10/22/2024, 12:35:00 PM",,"10/22/2024, 12:35:00 PM",0.000000,
,com.sec.android.app.shealth,1,-25200000,,,65.000000,,0.000000,"10/22/2024, 6:40:53 PM",xtfbSOmziO,,,"10/22/2024, 6:40:53 PM",23a5cc5b-8177-2ece-ecd5-b224b2070605,"10/22/2024, 6:43:29 PM",,"10/22/2024, 6:43:29 PM",0.000000,
,com.sec.android.app.shealth,1,-25200000,,,59.000000,,0.000000,"10/13/2024, 11:50:44 AM",xtfbSOmziO,,,"10/13/2024, 11:50:44 AM",e7fb3e22-74ef-2f75-ae4e-d749b85a0f76,"10/13/2024, 11:55:00 AM",,"10/13/2024, 11:55:00 AM",0.000000,
,com.sec.android.app.shealth,1,-25200000,,,63.000000,,0.000000,"10/13/2024, 12:00:29 PM",xtfbSOmziO,,,"10/13/2024, 12:00:29 PM",0108e9dc-53bd-11d3-fd62-0ab0a8cb9268,"10/13/2024, 12:01:41 PM",,"10/13/2024, 12:01:41 PM",0.000000,
,com.sec.android.app.shealth,1,-25200000,,,74.000000,,0.000000,"10/13/2024, 5:21:36 PM",xtfbSOmziO,,,"10/13/2024, 5:21:36 PM",761992a6-ed90-e463-ba3e-2a3d44ffd55b,"10/13/2024, 5:22:36 PM",,"10/13/2024, 5:22:36 PM",0.000000,
,com.sec.android.app.shealth,1,-25200000,,,70.000000,,0.000000,"10/15/2024, 2:40:29 PM",xtfbSOmziO,,,"10/15/2024, 2:40:29 PM",bdf3a5e9-48d3-df58-28e1-afaeb54348ad,"10/15/2024, 2:42:46 PM",,"10/15/2024, 2:42:46 PM",0.000000,
,com.sec.android.app.shealth,1,-25200000,,,67.000000,,0.000000,"10/15/2024, 4:10:58 PM",xtfbSOmziO,,,"10/15/2024, 4:10:58 PM",8b36b606-1796-60ad-1565-3d08d04fbe4d,"10/15/2024, 4:15:00 PM",,"10/15/2024, 4:15:00 PM",0.000000,
,com.sec.android.app.shealth,1,-25200000,,,60.000000,,0.000000,"10/15/2024, 5:40:29 PM",xtfbSOmziO,,,"10/15/2024, 5:40:29 PM",46c68094-8f28-3771-5809-7b6bc71f7870,"10/15/2024, 5:49:13 PM",,"10/15/2024, 5:49:13 PM",0.000000,
,com.sec.android.app.shealth,1,-25200000,,,91.000000,,0.000000,"10/15/2024, 6:42:50 PM",xtfbSOmziO,,,"10/15/2024, 6:42:50 PM",729c364c-2cf7-fd74-73a9-c26f221646ed,"10/15/2024, 6:44:33 PM",,"10/15/2024, 6:44:33 PM",0.000000,
,com.sec.android.app.shealth,1,-25200000,,,68.000000,,0.000000,"10/15/2024, 8:20:29 PM",xtfbSOmziO,,,"10/15/2024, 8:20:29 PM",440ca11e-1b4e-8957-3f54-dfed29b1d34f,"10/15/2024, 8:20:43 PM",,"10/15/2024, 8:20:43 PM",0.000000,
,com.sec.android.app.shealth,1,-25200000,,,78.000000,,0.000000,"10/16/2024, 1:20:36 PM",xtfbSOmziO,,,"10/16/2024, 1:20:36 PM",b5eb1678-6d0d-a582-9eb8-2f5e9c185060,"10/16/2024, 1:20:47 PM",,"10/16/2024, 1:20:47 PM",0.000000,
,com.sec.android.app.shealth,1,-25200000,,,66.000000,,0.000000,"10/17/2024, 11:30:55 AM",xtfbSOmziO,,,"10/17/2024, 11:30:55 AM",92d36199-b8dc-dabf-cd63-2d5a28b8e566,"10/17/2024, 11:32:54 AM",,"10/17/2024, 11:32:54 AM",0.000000,
,com.sec.android.app.shealth,1,-25200000,,,73.000000,,0.000000,"10/17/2024, 2:01:00 PM",xtfbSOmziO,,,"10/17/2024, 2:01:00 PM",fa837a0a-9f47-ca5e-2498-3c5b64cdaeb1,"10/17/2024, 2:05:20 PM",,"10/17/2024, 2:05:20 PM",0.000000,
,com.sec.android.app.shealth,1,-25200000,,,69.000000,,0.000000,"10/17/2024, 3:40:58 PM",xtfbSOmziO,,,"10/17/2024, 3:40:58 PM",1cbb4f3a-ef18-819c-12e8-5448604becee,"10/17/2024, 3:44:16 PM",,"10/17/2024, 3:44:16 PM",0.000000,
,com.sec.android.app.shealth,1,-25200000,,,58.000000,,0.000000,"10/17/2024, 4:00:32 PM",xtfbSOmziO,,,"10/17/2024, 4:00:32 PM",169dbb77-f5d9-95a0-67b3-508ced0f48a1,"10/17/2024, 4:01:30 PM",,"10/17/2024, 4:01:30 PM",0.000000,
,com.sec.android.app.shealth,1,-25200000,,,76.000000,,0.000000,"10/17/2024, 6:32:38 PM",xtfbSOmziO,,,"10/17/2024, 6:32:38 PM",8b1f0933-069e-cc12-8d54-69e5b0b97a64,"10/17/2024, 6:35:01 PM",,"10/17/2024, 6:35:01 PM",0.000000,
,com.sec.android.app.shealth,1,-25200000,,,80.000000,,0.000000,"10/08/2024, 1:41:11 PM",xtfbSOmziO,,,"10/08/2024, 1:41:11 PM",327d699b-058d-d344-76ac-61ba7c6b569a,"10/08/2024, 1:41:55 PM",,"10/08/2024, 1:41:55 PM",0.000000,
,com.sec.android.app.shealth,1,-25200000,,,64.000000,,0.000000,"10/08/2024, 4:30:49 PM",xtfbSOmziO,,,"10/08/2024, 4:30:49 PM",9c14f32b-d12e-3b3b-6a68-f2ee713bef0a,"10/08/2024, 4:32:10 PM",,"10/08/2024, 4:32:10 PM",0.000000,
,com.sec.android.app.shealth,1,-25200000,,,64.000000,,0.000000,"10/08/2024, 5:00:29 PM",xtfbSOmziO,,,"10/08/2024, 5:00:29 PM",2a16b0a6-872d-3207-9009-b6412f018c37,"10/08/2024, 5:03:02 PM",,"10/08/2024, 5:03:02 PM",0.000000,
,com.sec.android.app.shealth,1,-25200000,,,92.000000,,0.000000,"10/08/2024, 7:00:36 PM",xtfbSOmziO,,,"10/08/2024, 7:00:36 PM",d11f2b31-3e44-0b67-2038-9ca4e3d4d4fa,"10/08/2024, 7:02:20 PM",,"10/08/2024, 7:02:20 PM",0.000000,
,com.sec.android.app.shealth,1,-25200000,,,75.000000,,0.000000,"10/09/2024, 1:01:06 PM",xtfbSOmziO,,,"10/09/2024, 1:01:06 PM",4a138dfc-7482-4f8f-1b63-b25758cfe334,"10/09/2024, 1:01:37 PM",,"10/09/2024, 1:01:37 PM",0.000000,
,com.sec.android.app.shealth,1,-25200000,,,82.000000,,0.000000,"10/09/2024, 2:41:04 PM",xtfbSOmziO,,,"10/09/2024, 2:41:04 PM",b31421eb-234a-2c98-2a2c-7b9e39eff0c2,"10/09/2024, 2:45:30 PM",,"10/09/2024, 2:45:30 PM",0.000000,
,com.sec.android.app.shealth,1,-25200000,,,57.000000,,0.000000,"10/09/2024, 4:10:29 PM",xtfbSOmziO,,,"10/09/2024, 4:10:29 PM",172be83c-55af-d06a-ace1-aa7d7b071354,"10/09/2024, 4:11:10 PM",,"10/09/2024, 4:11:10 PM",0.000000,
,com.sec.android.app.shealth,1,-25200000,,,87.000000,,0.000000,"10/12/2024, 1:51:57 PM",xtfbSOmziO,,,"10/12/2024, 1:51:57 PM",58b0cd47-f82d-737e-9c63-fcf5d74c9b01,"10/12/2024, 1:55:00 PM",,"10/12/2024, 1:55:00 PM",0.000000,
,com.sec.android.app.shealth,1,-25200000,,,88.000000,,0.000000,"10/12/2024, 2:50:29 PM",xtfbSOmziO,,,"10/12/2024, 2:50:29 PM",695f5694-ee2c-2312-325a-d4e405ba5e45,"10/12/2024, 2:55:00 PM",,"10/12/2024, 2:55:00 PM",0.000000,
,com.sec.android.app.shealth,1,-25200000,,,87.000000,,0.000000,"10/12/2024, 3:00:29 PM",xtfbSOmziO,,,"10/12/2024, 3:00:29 PM",aab2bd72-3ff5-1fab-0a14-00cba9e5f3f5,"10/12/2024, 3:15:00 PM",,"10/12/2024, 3:15:00 PM",0.000000,

